"ID","BasePeriodID","Species","StockID","Age","FisheryID","TimeStep","Catch","Adjusted"
44074.95,3,1,39,5,31,1,31.88,
44074.95,3,1,39,5,74,3,2261.60,
44074.95,3,1,13,3,56,3,107.79,
44074.95,3,1,13,3,57,1,39.66,
44074.95,3,1,16,3,9,2,6.86,
44074.95,3,1,16,4,57,1,8.67,
44074.95,3,1,16,4,57,3,13.34,
44074.95,3,1,27,3,22,2,168.15,
44074.95,3,1,30,4,15,3,107.27,
44074.95,3,1,32,3,39,1,5.57,
44074.95,3,1,32,3,39,3,67.33,
44074.95,3,1,37,4,1,2,32.33,
44074.95,3,1,37,4,1,3,929.41,
44074.90,3,1,18,2,57,3,1.77,
44074.95,3,1,11,3,8,3,12.91,
44074.95,3,1,37,4,2,3,9.50,
44074.95,3,1,37,4,3,2,57.65,
44074.90,3,1,12,3,36,3,6.16,
44074.90,3,1,18,4,74,3,3265.36,
44074.95,3,1,7,4,53,3,6.10,
44074.95,3,1,37,4,3,3,33.59,
44074.90,3,1,3,2,2,3,8.36,
44074.90,3,1,12,3,42,3,6.44,
44074.90,3,1,12,3,43,3,4.94,
44074.90,3,1,18,5,15,1,7.26,
44074.90,3,1,9,3,51,3,29.87,
44074.90,3,1,9,4,51,3,40.85,
44074.95,3,1,1,4,15,2,108.11,
44074.95,3,1,1,4,15,3,66.24,
44074.95,3,1,4,3,4,3,3.69,
44074.95,3,1,4,3,8,2,24.00,
44074.95,3,1,7,4,54,1,38.93,
44074.95,3,1,7,4,54,3,3.20,
44074.95,3,1,11,3,9,3,11.29,
44074.95,3,1,13,3,57,2,42.79,
44074.95,3,1,13,3,57,3,216.01,
44074.95,3,1,16,4,60,3,2.19,
44074.95,3,1,16,4,61,3,4.33,
44074.95,3,1,27,3,22,3,817.83,
44074.95,3,1,27,5,26,3,1.00,
44074.95,3,1,28,3,17,3,57.51,
44074.95,3,1,28,4,17,3,72.61,
44074.95,3,1,28,4,18,3,6.79,
44074.95,3,1,29,4,8,2,187.78,
44074.95,3,1,30,3,39,3,57.29,
44074.95,3,1,30,5,15,3,5.23,
44074.95,3,1,31,4,15,3,267.40,
44074.95,3,1,32,3,40,1,12.01,
44074.95,3,1,34,3,11,2,43.67,
44074.95,3,1,37,4,8,2,69.56,
44074.95,3,1,37,4,8,3,211.25,
44074.90,3,1,3,2,4,3,1.29,
44074.90,3,1,3,2,11,2,9.44,
44074.90,3,1,3,2,11,3,26.23,
44074.90,3,1,12,3,48,3,2.25,
44074.90,3,1,18,2,74,3,258.63,
44074.90,3,1,18,3,1,1,5.05,
44074.90,3,1,9,5,51,3,1.39,
44074.90,3,1,10,2,51,3,13.84,
44074.95,3,1,1,4,16,2,58.65,
44074.95,3,1,1,4,16,3,26.86,
44074.95,3,1,4,3,8,3,20.86,
44074.95,3,1,4,3,9,2,3.30,
44074.95,3,1,4,3,9,3,12.45,
44074.95,3,1,7,4,57,3,8.04,
44074.95,3,1,7,4,61,3,2.93,
44074.95,3,1,7,4,64,1,11.65,
44074.95,3,1,11,3,10,1,18.61,
44074.95,3,1,11,3,10,2,345.69,
44074.95,3,1,11,4,49,3,1.40,
44074.95,3,1,13,3,60,3,24.90,
44074.95,3,1,13,3,61,3,5.00,
44074.95,3,1,13,3,64,1,16.13,
44074.95,3,1,16,3,10,2,403.48,
44074.95,3,1,16,4,64,1,54.81,
44074.95,3,1,20,3,15,2,25.80,
44074.95,3,1,27,3,25,3,3.64,
44074.95,3,1,27,3,26,2,50.03,
44074.95,3,1,27,5,27,3,13.38,
44074.95,3,1,28,3,18,3,9.28,
44074.95,3,1,28,4,20,3,3.99,
44074.95,3,1,28,4,22,3,20.39,
44074.95,3,1,29,4,8,3,485.65,
44074.95,3,1,30,3,40,3,36.26,
44074.95,3,1,30,5,16,2,2.01,
44074.95,3,1,30,5,16,3,1.67,
44074.95,3,1,31,4,16,2,48.65,
44074.95,3,1,31,4,16,3,4.87,
44074.95,3,1,32,3,40,3,56.32,
44074.95,3,1,35,3,32,2,122.41,
44074.95,3,1,37,4,9,2,336.94,
44074.90,3,1,3,2,15,3,13.79,
44074.90,3,1,3,2,42,3,3.11,
44074.90,3,1,3,2,74,3,100.97,
44074.90,3,1,18,3,1,3,26.18,
44074.90,3,1,18,3,2,3,8.36,
44074.90,3,1,10,3,51,3,203.21,
44074.90,3,1,10,4,51,3,270.89,
44074.95,3,1,1,4,17,2,67.16,
44074.95,3,1,4,3,10,2,82.50,
44074.95,3,1,7,4,74,3,1992.46,
44074.95,3,1,7,5,10,1,7.27,
44074.95,3,1,11,3,10,3,193.29,
44074.95,3,1,11,3,11,2,135.43,
44074.95,3,1,11,4,53,1,29.98,
44074.95,3,1,13,3,67,3,77.00,
44074.95,3,1,27,3,26,3,73.69,
44074.95,3,1,29,4,9,2,108.99,
44074.95,3,1,37,4,9,3,521.64,
44074.95,3,1,37,4,10,1,13.12,
44074.95,3,1,4,3,10,3,47.50,
44074.95,3,1,7,5,15,1,33.27,
44074.95,3,1,7,5,36,1,7.23,
44074.95,3,1,16,4,65,3,360.39,
44074.95,3,1,23,4,30,1,70.13,
44074.95,3,1,24,3,1,3,151.60,
44074.95,3,1,27,3,27,2,28.76,
44074.95,3,1,29,4,9,3,48.38,
44074.95,3,1,30,3,41,1,19.16,
44074.95,3,1,31,3,3,2,17.68,
44074.95,3,1,31,4,17,2,109.53,
44074.95,3,1,32,3,41,1,17.84,
44074.95,3,1,34,3,3,2,1.96,
44074.95,3,1,34,3,11,3,332.08,
44074.95,3,1,34,4,20,2,60.02,
44074.95,3,1,34,4,20,3,23.90,
44074.95,3,1,35,3,26,2,545.88,
44074.95,3,1,35,3,32,3,439.11,
44074.95,3,1,35,4,22,3,73.71,
44074.95,3,1,36,5,11,3,28.52,
44074.95,3,1,36,5,16,3,5.11,
44074.95,3,1,37,4,10,2,24.73,
44074.95,3,1,4,3,11,2,42.24,
44074.95,3,1,4,3,11,3,162.73,
44074.95,3,1,7,5,74,3,191.03,
44074.95,3,1,8,2,74,3,159.59,
44074.95,3,1,8,3,10,3,17.22,
44074.95,3,1,11,4,53,3,149.19,
44074.95,3,1,13,3,74,3,4545.57,
44074.95,3,1,16,3,10,3,63.97,
44074.95,3,1,16,4,67,2,11.48,
44074.95,3,1,16,4,74,3,3373.12,
44074.95,3,1,20,3,17,2,43.01,
44074.95,3,1,21,3,11,3,43.22,
44074.95,3,1,21,3,17,2,2.07,
44074.95,3,1,22,3,26,2,178.34,
44074.95,3,1,22,3,26,3,29.11,
44074.95,3,1,23,5,3,3,11.62,
44074.95,3,1,24,3,2,2,1.00,
44074.95,3,1,24,5,11,3,9.12,
44074.95,3,1,27,3,27,3,727.30,
44074.95,3,1,27,3,30,2,32.00,
44074.95,3,1,28,4,27,3,6.96,
44074.95,3,1,28,4,30,2,10.00,
44074.95,3,1,29,4,10,3,28.09,
44074.95,3,1,30,4,16,2,105.79,
44074.95,3,1,31,4,17,3,23.34,
44074.95,3,1,31,4,18,2,4.44,
44074.95,3,1,32,3,42,3,10.69,
44074.95,3,1,34,3,8,3,25.63,
44074.95,3,1,34,3,13,3,19.32,
44074.95,3,1,34,3,15,1,17.49,
44074.95,3,1,34,4,22,2,8.53,
44074.95,3,1,34,4,22,3,61.72,
44074.95,3,1,34,4,25,3,26.49,
44074.95,3,1,35,3,33,2,1041.75,
44074.95,3,1,35,4,26,2,7.60,
44074.95,3,1,36,3,74,3,1348.66,
44074.95,3,1,36,4,74,3,3085.27,
44074.95,3,1,36,5,17,2,1.00,
44074.95,3,1,36,5,17,3,2.91,
44074.95,3,1,37,3,17,3,38.14,
44074.95,3,1,37,4,10,3,27.32,
44074.95,3,1,8,3,11,2,18.50,
44074.95,3,1,13,4,1,3,4.45,
44074.95,3,1,13,4,8,3,4.91,
44074.95,3,1,16,3,11,1,5.70,
44074.95,3,1,16,5,10,2,2.88,
44074.95,3,1,27,3,30,3,31.40,
44074.95,3,1,30,4,16,3,58.80,
44074.95,3,1,32,3,53,3,5.25,
44074.95,3,1,34,3,15,2,46.29,
44074.95,3,1,35,4,30,1,327.26,
44074.95,3,1,37,4,11,2,4.35,
44074.90,3,1,12,3,53,3,42.36,
44074.90,3,1,18,5,51,2,0.00,
44074.95,3,1,8,3,11,3,122.74,
44074.95,3,1,8,3,13,3,3.02,
44074.95,3,1,11,4,54,1,77.63,
44074.95,3,1,13,4,9,2,7.90,
44074.95,3,1,27,3,31,2,2.00,
44074.95,3,1,31,3,37,3,56.84,
44074.95,3,1,31,3,39,3,6.22,
44074.95,3,1,34,4,27,2,3.30,
44074.95,3,1,37,4,11,3,96.93,
44074.90,3,1,3,3,1,1,3.36,
44074.90,3,1,3,3,1,2,1.67,
44074.90,3,1,12,3,54,3,3.77,
44074.90,3,1,10,5,51,3,7.88,
44074.90,3,1,11,3,51,3,1.02,
44074.95,3,1,4,3,13,3,14.16,
44074.95,3,1,4,3,15,2,17.12,
44074.95,3,1,4,3,15,3,46.35,
44074.95,3,1,8,3,15,3,105.23,
44074.95,3,1,8,3,17,2,3.34,
44074.95,3,1,8,3,17,3,20.56,
44074.95,3,1,11,3,11,3,563.53,
44074.95,3,1,11,3,13,3,9.25,
44074.95,3,1,11,4,54,3,88.29,
44074.95,3,1,13,4,10,1,27.52,
44074.95,3,1,13,4,10,2,143.85,
44074.95,3,1,16,5,15,3,5.23,
44074.95,3,1,16,5,17,2,6.49,
44074.95,3,1,20,3,17,3,15.65,
44074.95,3,1,22,3,27,2,6.44,
44074.95,3,1,27,3,31,3,48.27,
44074.95,3,1,27,3,32,2,1.44,
44074.95,3,1,28,4,30,3,9.68,
44074.95,3,1,29,4,11,2,7.12,
44074.95,3,1,29,4,11,3,1032.89,
44074.95,3,1,30,3,41,2,26.23,
44074.95,3,1,30,4,17,2,37.69,
44074.95,3,1,30,5,40,3,2.30,
44074.95,3,1,31,3,11,2,4.00,
44074.95,3,1,31,3,40,3,2.89,
44074.95,3,1,31,3,42,3,11.24,
44074.95,3,1,31,4,18,3,2.21,
44074.95,3,1,31,4,20,2,6.38,
44074.95,3,1,32,3,54,1,3.22,
44074.95,3,1,32,3,54,3,5.69,
44074.95,3,1,34,3,15,3,7.72,
44074.95,3,1,34,3,16,2,7.06,
44074.95,3,1,34,4,27,3,9.84,
44074.95,3,1,34,4,30,2,12.55,
44074.95,3,1,34,4,30,3,7.11,
44074.95,3,1,35,3,26,3,33.20,
44074.95,3,1,35,3,33,3,2053.81,
44074.95,3,1,36,4,1,1,28.83,
44074.95,3,1,36,5,18,3,1.37,
44074.95,3,1,37,4,15,3,9.95,
44074.90,3,1,3,3,1,3,9.31,
44074.90,3,1,3,3,2,3,15.82,
44074.90,3,1,3,3,8,3,3.58,
44074.90,3,1,18,3,8,1,17.86,
44074.90,3,1,11,3,63,3,39.37,
44074.90,3,1,11,4,63,3,22.08,
44074.95,3,1,1,4,17,3,35.48,
44074.95,3,1,4,3,17,2,15.73,
44074.95,3,1,4,3,17,3,6.85,
44074.95,3,1,4,3,36,3,32.03,
44074.95,3,1,8,3,18,3,12.74,
44074.95,3,1,8,3,36,3,18.75,
44074.95,3,1,11,3,14,2,2.05,
44074.95,3,1,11,4,55,1,1.64,
44074.95,3,1,13,4,10,3,29.26,
44074.95,3,1,13,4,11,2,69.98,
44074.95,3,1,13,4,11,3,139.84,
44074.95,3,1,16,3,11,2,70.09,
44074.95,3,1,27,3,33,3,47.69,
44074.95,3,1,28,4,31,1,14.52,
44074.95,3,1,29,4,13,3,219.72,
44074.95,3,1,29,4,15,3,110.67,
44074.95,3,1,30,4,17,3,100.90,
44074.95,3,1,31,3,11,3,59.62,
44074.95,3,1,31,3,74,3,3500.18,
44074.95,3,1,31,4,1,1,223.84,
44074.95,3,1,31,4,30,2,9.28,
44074.95,3,1,32,3,65,3,2.77,
44074.95,3,1,37,4,16,2,2.27,
44074.95,3,1,13,4,13,2,3.43,
44074.95,3,1,31,4,1,2,101.08,
44074.95,3,1,37,4,17,2,1.12,
44074.95,3,1,37,4,17,3,30.21,
44074.95,3,1,37,4,18,3,1.64,
44074.95,3,1,37,4,20,3,3.56,
44074.95,3,1,37,4,22,3,82.84,
44074.95,3,1,31,4,1,3,246.61,
44074.95,3,1,31,4,3,2,106.41,
44074.95,3,1,31,4,3,3,12.41,
44074.95,3,1,31,4,8,2,147.06,
44074.95,3,1,31,4,8,3,149.53,
44074.95,3,1,31,4,9,2,359.68,
44074.95,3,1,31,4,9,3,191.40,
44074.95,3,1,31,4,10,2,47.86,
44074.95,3,1,31,4,10,3,19.22,
44074.95,3,1,31,4,11,2,17.38,
44074.95,3,1,31,4,11,3,59.81,
44074.95,3,1,31,4,13,1,3.26,
44074.95,3,1,31,4,13,2,69.11,
44074.95,3,1,31,4,13,3,241.58,
44074.95,3,1,31,4,14,2,3.69,
44074.95,3,1,31,4,15,2,95.55,
44074.95,3,1,35,5,30,2,2.43,
44074.95,3,1,35,5,32,2,1.05,
44074.95,3,1,36,3,1,3,64.67,
44074.95,3,1,36,3,8,2,1.80,
44074.95,3,1,36,3,8,3,18.27,
44074.95,3,1,36,3,9,3,24.48,
44074.95,3,1,36,3,10,3,8.52,
44074.95,3,1,36,3,11,3,18.22,
44074.95,3,1,36,3,18,3,2.98,
44074.95,3,1,8,3,39,3,7.01,
44074.90,3,1,3,3,9,3,6.65,
44074.95,3,1,13,4,14,1,20.29,
44074.95,3,1,11,3,14,3,14.85,
44074.95,3,1,13,4,14,2,13.49,
44074.95,3,1,27,3,34,3,5.07,
44074.95,3,1,4,3,39,3,5.26,
44074.95,3,1,29,4,37,3,14.00,
44074.90,3,1,3,3,10,1,61.75,
44074.95,3,1,4,3,40,3,6.78,
44074.95,3,1,26,4,17,2,19.47,
44074.90,3,1,3,3,10,2,315.75,
44074.95,3,1,23,4,11,1,2.85,
44074.95,3,1,23,4,11,2,165.73,
44074.95,3,1,23,4,11,3,292.88,
44074.95,3,1,23,4,18,2,2.01,
44074.95,3,1,23,4,18,3,1.99,
44074.95,3,1,23,4,20,2,202.14,
44074.95,3,1,23,4,20,3,14.32,
44074.95,3,1,23,4,22,2,95.98,
44074.95,3,1,23,4,22,3,19.13,
44074.95,3,1,23,4,26,2,132.62,
44074.95,3,1,23,4,27,2,29.04,
44074.95,3,1,23,4,27,3,14.75,
44074.90,3,1,12,3,55,1,3.29,
44074.95,3,1,8,3,41,2,1.80,
44074.95,3,1,11,3,15,1,20.60,
44074.95,3,1,13,4,14,3,3.97,
44074.95,3,1,13,4,15,1,52.55,
44074.95,3,1,27,3,41,2,5.13,
44074.95,3,1,27,5,30,1,5.96,
44074.95,3,1,28,3,22,3,19.24,
44074.95,3,1,29,4,39,3,13.89,
44074.95,3,1,30,3,42,3,306.37,
44074.95,3,1,31,4,36,3,9.31,
44074.95,3,1,34,4,31,2,4.86,
44074.95,3,1,37,4,23,3,25.90,
44074.90,3,1,12,3,56,3,59.66,
44074.90,3,1,12,3,57,2,13.05,
44074.90,3,1,18,3,8,3,22.37,
44074.95,3,1,4,3,41,1,3.52,
44074.95,3,1,4,3,41,2,3.11,
44074.95,3,1,4,3,42,3,33.85,
44074.95,3,1,8,3,42,3,41.44,
44074.95,3,1,8,3,43,3,13.87,
44074.95,3,1,8,3,45,1,2.82,
44074.95,3,1,11,3,15,2,33.23,
44074.95,3,1,11,3,15,3,123.27,
44074.95,3,1,11,4,56,1,18.95,
44074.95,3,1,11,4,56,3,103.02,
44074.95,3,1,11,4,57,2,15.03,
44074.95,3,1,13,4,15,2,41.62,
44074.95,3,1,13,4,15,3,21.17,
44074.95,3,1,13,4,16,2,40.36,
44074.95,3,1,16,3,11,3,356.22,
44074.95,3,1,16,3,13,1,2.67,
44074.95,3,1,16,5,36,1,3.29,
44074.95,3,1,16,5,40,3,6.33,
44074.95,3,1,20,3,18,2,1.92,
44074.95,3,1,21,3,17,3,3.71,
44074.95,3,1,21,3,22,3,10.08,
44074.95,3,1,22,3,27,3,62.46,
44074.95,3,1,22,3,30,2,158.44,
44074.95,3,1,23,5,8,1,5.24,
44074.95,3,1,23,5,8,2,82.48,
44074.95,3,1,24,3,2,3,8.60,
44074.95,3,1,24,3,3,3,8.78,
44074.95,3,1,24,5,17,2,1.18,
44074.95,3,1,27,3,42,3,274.17,
44074.95,3,1,27,3,43,3,21.38,
44074.95,3,1,27,5,10,2,86.70,
44074.95,3,1,27,5,30,2,13.24,
44074.95,3,1,28,3,26,2,2.43,
44074.95,3,1,28,4,31,3,52.60,
44074.95,3,1,28,4,74,3,6271.49,
44074.95,3,1,29,4,74,3,3715.10,
44074.95,3,1,30,3,43,3,39.24,
44074.95,3,1,30,4,18,3,38.77,
44074.95,3,1,31,4,42,3,27.71,
44074.95,3,1,31,4,56,3,3.22,
44074.95,3,1,32,3,74,3,2968.26,
44074.95,3,1,32,4,1,1,174.47,
44074.95,3,1,34,3,16,3,3.47,
44074.95,3,1,34,3,17,2,91.50,
44074.95,3,1,34,4,32,2,2.43,
44074.95,3,1,34,4,32,3,1.28,
44074.95,3,1,35,3,27,2,38.18,
44074.95,3,1,35,3,34,1,2.29,
44074.95,3,1,35,4,30,2,472.50,
44074.95,3,1,36,4,1,2,44.82,
44074.95,3,1,37,4,25,1,1.81,
44074.90,3,1,3,3,10,3,186.50,
44074.90,3,1,3,3,11,1,3.42,
44074.95,3,1,1,4,18,2,3.58,
44074.95,3,1,4,3,43,3,2.82,
44074.95,3,1,4,3,46,3,2.38,
44074.95,3,1,4,3,53,3,22.64,
44074.95,3,1,8,3,48,2,13.60,
44074.95,3,1,8,3,48,3,12.29,
44074.95,3,1,8,3,53,3,44.42,
44074.95,3,1,11,3,16,2,22.27,
44074.95,3,1,11,3,16,3,4.82,
44074.95,3,1,11,3,17,2,118.83,
44074.95,3,1,11,4,57,3,54.16,
44074.95,3,1,11,4,60,3,29.31,
44074.95,3,1,13,4,17,2,89.61,
44074.95,3,1,13,4,17,3,20.94,
44074.95,3,1,13,4,18,3,13.74,
44074.95,3,1,16,3,13,3,15.91,
44074.95,3,1,16,3,14,1,7.94,
44074.95,3,1,16,5,42,3,14.54,
44074.95,3,1,16,5,53,3,11.66,
44074.95,3,1,20,3,18,3,3.91,
44074.95,3,1,20,3,20,2,90.98,
44074.95,3,1,21,3,26,3,4.66,
44074.95,3,1,21,3,27,3,4.68,
44074.95,3,1,22,3,30,3,72.29,
44074.95,3,1,23,5,8,3,34.33,
44074.95,3,1,27,3,54,3,7.70,
44074.95,3,1,27,3,56,3,8.44,
44074.95,3,1,27,5,10,3,5.41,
44074.95,3,1,27,5,30,3,5.05,
44074.95,3,1,28,3,26,3,2.99,
44074.95,3,1,28,5,1,1,17.88,
44074.95,3,1,28,5,1,2,9.08,
44074.95,3,1,29,5,1,1,226.58,
44074.95,3,1,29,5,1,2,33.36,
44074.95,3,1,30,3,45,1,7.42,
44074.95,3,1,30,4,20,2,7.97,
44074.95,3,1,31,4,74,3,8607.36,
44074.95,3,1,31,5,1,1,4.87,
44074.95,3,1,32,4,1,2,26.86,
44074.95,3,1,32,4,1,3,64.89,
44074.95,3,1,34,3,17,3,26.02,
44074.95,3,1,34,4,34,2,5.05,
44074.95,3,1,34,4,34,3,2.37,
44074.95,3,1,37,4,25,3,2050.66,
44074.95,3,1,16,3,14,2,3.52,
44074.95,3,1,27,5,32,3,2.00,
44074.95,3,1,28,3,27,3,15.47,
44074.95,3,1,37,4,26,3,8.68,
44074.90,3,1,12,3,57,3,88.27,
44074.90,3,1,18,5,74,3,96.07,
44074.95,3,1,8,3,55,1,1.00,
44074.95,3,1,8,3,56,3,28.48,
44074.95,3,1,13,4,20,2,11.85,
44074.95,3,1,29,5,1,3,50.71,
44074.95,3,1,37,4,27,3,5.32,
44074.90,3,1,3,3,11,2,86.15,
44074.90,3,1,3,3,11,3,371.59,
44074.90,3,1,3,3,13,2,37.20,
44074.90,3,1,12,3,58,1,1.00,
44074.90,3,1,12,4,63,3,0.08,
44074.95,3,1,1,4,18,3,17.87,
44074.95,3,1,4,3,54,3,8.72,
44074.95,3,1,4,3,56,3,6.14,
44074.95,3,1,4,3,74,2,2.34,
44074.95,3,1,8,3,57,3,34.21,
44074.95,3,1,8,3,58,3,4.92,
44074.95,3,1,8,3,60,3,11.31,
44074.95,3,1,11,3,17,3,125.39,
44074.95,3,1,11,3,18,3,34.29,
44074.95,3,1,11,4,61,3,54.52,
44074.95,3,1,11,4,62,3,14.05,
44074.95,3,1,13,4,22,3,10.17,
44074.95,3,1,13,4,27,3,3.30,
44074.95,3,1,16,3,15,1,29.38,
44074.95,3,1,16,5,57,3,3.80,
44074.95,3,1,16,5,65,3,6.10,
44074.95,3,1,20,3,20,3,38.35,
44074.95,3,1,20,3,22,2,19.98,
44074.95,3,1,22,3,31,3,5.70,
44074.95,3,1,27,3,57,3,10.87,
44074.95,3,1,27,3,74,3,23828.38,
44074.95,3,1,28,3,30,3,10.32,
44074.95,3,1,28,5,1,3,583.45,
44074.95,3,1,29,5,2,2,2.69,
44074.95,3,1,30,3,53,1,25.88,
44074.95,3,1,30,4,20,3,7.12,
44074.95,3,1,31,5,1,2,2.40,
44074.95,3,1,31,5,8,2,4.33,
44074.95,3,1,32,4,2,2,5.40,
44074.95,3,1,34,4,42,3,19.07,
44074.95,3,1,37,4,42,3,3.22,
44074.95,3,1,37,4,74,3,3232.20,
44074.90,3,1,3,3,13,3,16.31,
44074.90,3,1,3,3,14,2,8.68,
44074.95,3,1,4,3,74,3,1411.60,
44074.95,3,1,4,4,1,1,150.61,
44074.95,3,1,4,4,1,2,43.69,
44074.95,3,1,8,3,74,3,502.47,
44074.95,3,1,8,4,1,3,8.13,
44074.95,3,1,11,4,64,1,3.78,
44074.95,3,1,13,4,30,2,15.40,
44074.95,3,1,13,4,36,1,26.30,
44074.95,3,1,13,4,36,3,12.90,
44074.95,3,1,16,3,15,2,41.15,
44074.95,3,1,16,5,74,3,93.13,
44074.95,3,1,17,2,65,3,16.73,
44074.95,3,1,27,4,1,1,9.71,
44074.95,3,1,30,4,22,2,5.94,
44074.95,3,1,32,4,2,3,44.69,
44074.95,3,1,32,4,3,1,9.91,
44074.95,3,1,37,5,1,1,61.33,
44074.95,3,1,37,5,1,2,40.17,
44074.90,3,1,18,3,10,1,8.70,
44074.95,3,1,11,3,20,2,42.20,
44074.95,3,1,37,5,1,3,729.35,
44074.95,3,1,37,5,3,2,22.92,
44074.90,3,1,12,3,60,3,21.21,
44074.90,3,1,10,5,74,3,1.78,
44074.95,3,1,8,4,9,3,2.63,
44074.95,3,1,37,5,3,3,47.21,
44074.90,3,1,3,3,14,3,6.60,
44074.90,3,1,12,3,61,3,4.99,
44074.90,3,1,12,3,67,2,8.85,
44074.90,3,1,19,5,74,3,10.10,
44074.90,3,1,13,2,63,3,0.06,
44074.90,3,1,13,3,63,3,0.27,
44074.95,3,1,1,4,20,2,5.67,
44074.95,3,1,1,4,20,3,5.55,
44074.95,3,1,4,4,1,3,61.42,
44074.95,3,1,4,4,2,3,9.50,
44074.95,3,1,8,4,10,1,2.88,
44074.95,3,1,8,4,10,2,44.61,
44074.95,3,1,11,3,20,3,7.96,
44074.95,3,1,13,4,41,1,21.73,
44074.95,3,1,13,4,41,2,3.81,
44074.95,3,1,17,2,74,3,1864.33,
44074.95,3,1,17,3,10,3,22.26,
44074.95,3,1,27,4,1,2,24.23,
44074.95,3,1,27,5,33,3,5.74,
44074.95,3,1,28,3,31,3,55.68,
44074.95,3,1,28,5,2,3,2.90,
44074.95,3,1,28,5,3,2,43.70,
44074.95,3,1,29,5,2,3,20.55,
44074.95,3,1,30,3,53,3,51.05,
44074.95,3,1,30,5,74,3,359.17,
44074.95,3,1,31,5,8,3,4.20,
44074.95,3,1,32,4,3,2,7.69,
44074.95,3,1,34,3,18,2,1.92,
44074.95,3,1,37,5,8,1,24.23,
44074.95,3,1,37,5,8,2,54.75,
44074.90,3,1,3,3,15,1,140.54,
44074.90,3,1,3,3,15,2,4.23,
44074.90,3,1,3,3,16,2,2.68,
44074.90,3,1,12,3,67,3,32.77,
44074.90,3,1,18,3,10,2,162.25,
44074.90,3,1,18,3,10,3,40.32,
44074.90,3,1,13,4,63,3,0.07,
44074.90,3,1,14,4,63,3,0.08,
44074.95,3,1,1,4,22,2,6.54,
44074.95,3,1,1,4,26,2,8.13,
44074.95,3,1,4,4,3,2,3.35,
44074.95,3,1,4,4,3,3,8.05,
44074.95,3,1,4,4,8,1,27.56,
44074.95,3,1,8,4,10,3,6.42,
44074.95,3,1,8,4,11,2,21.40,
44074.95,3,1,8,4,11,3,51.55,
44074.95,3,1,11,3,22,2,2.70,
44074.95,3,1,11,3,22,3,30.25,
44074.95,3,1,11,4,65,3,19.32,
44074.95,3,1,13,4,42,1,11.58,
44074.95,3,1,13,4,42,3,72.06,
44074.95,3,1,13,4,45,1,7.76,
44074.95,3,1,16,3,15,3,74.89,
44074.95,3,1,17,3,11,3,16.74,
44074.95,3,1,20,3,22,3,122.80,
44074.95,3,1,27,4,1,3,185.31,
44074.95,3,1,27,4,2,2,2.51,
44074.95,3,1,27,5,34,3,2.00,
44074.95,3,1,28,3,74,3,5168.12,
44074.95,3,1,28,5,3,3,21.26,
44074.95,3,1,28,5,8,2,42.32,
44074.95,3,1,29,5,3,2,23.31,
44074.95,3,1,30,3,54,3,37.75,
44074.95,3,1,31,2,2,3,1.59,
44074.95,3,1,31,2,74,3,505.35,
44074.95,3,1,31,5,9,2,9.70,
44074.95,3,1,31,5,10,2,4.16,
44074.95,3,1,32,4,3,3,7.02,
44074.95,3,1,35,3,34,2,6840.43,
44074.95,3,1,37,5,8,3,180.31,
44074.90,3,1,3,3,17,2,30.55,
44074.90,3,1,3,3,17,3,16.11,
44074.90,3,1,3,3,18,2,2.71,
44074.90,3,1,18,3,11,1,12.25,
44074.90,3,1,18,3,11,2,61.01,
44074.90,3,1,16,3,63,3,0.09,
44074.90,3,1,16,4,63,3,0.27,
44074.95,3,1,1,4,36,1,48.16,
44074.95,3,1,4,4,8,3,52.73,
44074.95,3,1,8,4,13,1,2.90,
44074.95,3,1,8,4,13,2,11.58,
44074.95,3,1,11,3,26,2,8.58,
44074.95,3,1,11,3,27,2,5.00,
44074.95,3,1,11,4,70,3,14.49,
44074.95,3,1,13,4,53,1,52.98,
44074.95,3,1,27,4,2,3,2.23,
44074.95,3,1,29,5,3,3,17.83,
44074.95,3,1,37,5,9,2,179.90,
44074.90,3,1,12,3,74,3,266.63,
44074.95,3,1,8,4,14,1,17.24,
44074.95,3,1,37,5,9,3,257.98,
44074.95,3,1,37,5,10,3,13.23,
44074.90,3,1,12,4,10,1,5.36,
44074.90,3,1,22,5,74,3,14.63,
44074.90,3,1,1,5,11,3,2.19,
44074.90,3,1,2,5,1,1,4.67,
44074.95,3,1,4,4,9,2,25.68,
44074.95,3,1,4,4,9,3,21.48,
44074.95,3,1,8,4,14,2,35.79,
44074.95,3,1,8,4,15,1,73.83,
44074.95,3,1,8,4,15,3,1.48,
44074.95,3,1,11,3,27,3,6.54,
44074.95,3,1,11,3,30,2,3.10,
44074.95,3,1,11,4,74,3,6022.40,
44074.95,3,1,11,5,10,2,7.62,
44074.95,3,1,13,4,53,3,82.79,
44074.95,3,1,13,4,54,1,13.24,
44074.95,3,1,13,4,54,3,21.04,
44074.95,3,1,17,3,15,3,77.44,
44074.95,3,1,17,3,17,2,3.25,
44074.95,3,1,20,3,26,2,25.52,
44074.95,3,1,27,4,3,2,13.43,
44074.95,3,1,27,4,8,2,7.06,
44074.95,3,1,27,5,11,2,13.89,
44074.95,3,1,27,5,35,2,2.51,
44074.95,3,1,28,4,1,1,73.35,
44074.95,3,1,28,5,8,3,108.27,
44074.95,3,1,28,5,9,2,246.25,
44074.95,3,1,29,5,8,2,31.07,
44074.95,3,1,30,3,56,1,2.61,
44074.95,3,1,31,3,1,1,4.57,
44074.95,3,1,31,5,13,3,5.13,
44074.95,3,1,31,5,20,2,2.27,
44074.95,3,1,32,4,8,1,9.03,
44074.95,3,1,32,4,8,2,38.26,
44074.95,3,1,34,3,18,3,24.49,
44074.95,3,1,34,3,20,2,272.58,
44074.95,3,1,34,4,54,1,2.76,
44074.95,3,1,36,5,20,3,4.40,
44074.95,3,1,36,5,22,3,2.52,
44074.95,3,1,37,5,11,3,15.15,
44074.95,3,1,37,5,13,3,5.48,
44074.90,3,1,3,3,18,3,3.68,
44074.90,3,1,3,3,22,3,2.78,
44074.90,3,1,3,3,36,1,36.59,
44074.90,3,1,8,4,51,3,11.35,
44074.95,3,1,4,4,10,1,39.42,
44074.95,3,1,4,4,10,2,56.38,
44074.95,3,1,4,4,10,3,25.55,
44074.95,3,1,8,4,16,2,2.01,
44074.95,3,1,8,4,16,3,1.51,
44074.95,3,1,8,4,17,2,10.74,
44074.95,3,1,11,3,36,1,16.70,
44074.95,3,1,11,3,36,3,12.36,
44074.95,3,1,11,3,41,1,7.12,
44074.95,3,1,11,5,11,2,4.57,
44074.95,3,1,11,5,15,1,20.95,
44074.95,3,1,13,4,56,1,15.49,
44074.95,3,1,13,4,56,3,61.34,
44074.95,3,1,17,3,17,3,12.46,
44074.95,3,1,17,3,37,3,4.43,
44074.95,3,1,27,4,8,3,52.22,
44074.95,3,1,27,4,9,2,67.65,
44074.95,3,1,27,5,74,3,1413.90,
44074.95,3,1,28,4,1,2,33.92,
44074.95,3,1,28,5,9,3,115.00,
44074.95,3,1,29,5,8,3,135.12,
44074.95,3,1,30,3,56,3,30.31,
44074.95,3,1,30,4,22,3,27.78,
44074.95,3,1,31,3,1,2,17.56,
44074.95,3,1,31,5,74,3,299.47,
44074.95,3,1,32,2,2,3,9.23,
44074.95,3,1,32,4,8,3,59.11,
44074.95,3,1,34,3,20,3,93.66,
44074.95,3,1,34,3,22,2,87.42,
44074.95,3,1,37,5,16,2,17.41,
44074.95,3,1,37,5,16,3,4.53,
44074.95,3,1,4,4,11,1,11.03,
44074.95,3,1,11,3,41,2,42.35,
44074.95,3,1,11,5,15,2,39.35,
44074.95,3,1,13,4,57,1,5.32,
44074.95,3,1,27,4,9,3,89.96,
44074.95,3,1,30,4,26,3,2.00,
44074.95,3,1,32,4,9,2,34.63,
44074.95,3,1,37,5,17,3,5.42,
44074.95,3,1,37,5,18,3,1.35,
44074.95,3,1,37,5,22,3,47.30,
44074.90,3,1,12,4,10,2,19.58,
44074.95,3,1,4,4,11,2,20.88,
44074.95,3,1,4,4,11,3,123.42,
44074.95,3,1,8,4,17,3,6.64,
44074.95,3,1,8,4,36,1,88.68,
44074.95,3,1,13,4,57,2,7.33,
44074.95,3,1,17,3,42,3,34.60,
44074.95,3,1,20,3,26,3,13.24,
44074.95,3,1,27,4,10,1,134.90,
44074.95,3,1,27,4,10,2,902.00,
44074.95,3,1,29,5,9,2,16.17,
44074.95,3,1,30,3,57,2,10.91,
44074.95,3,1,30,4,27,3,1.50,
44074.95,3,1,32,2,4,3,11.32,
44074.95,3,1,34,3,22,3,250.26,
44074.95,3,1,34,4,54,3,6.22,
44074.95,3,1,35,3,27,3,91.98,
44074.95,3,1,37,5,23,1,2.27,
44074.90,3,1,3,3,36,3,4.61,
44074.90,3,1,9,5,15,1,4.97,
44074.95,3,1,4,4,13,2,11.02,
44074.95,3,1,8,4,41,1,5.85,
44074.95,3,1,8,4,42,1,3.15,
44074.95,3,1,8,4,42,3,9.00,
44074.95,3,1,11,3,41,3,2.21,
44074.95,3,1,11,3,42,1,12.73,
44074.95,3,1,11,5,16,2,1.63,
44074.95,3,1,13,4,57,3,99.28,
44074.95,3,1,13,4,58,1,1.71,
44074.95,3,1,16,3,16,2,10.65,
44074.95,3,1,17,3,43,3,1.57,
44074.95,3,1,27,4,10,3,248.76,
44074.95,3,1,28,5,10,1,2.88,
44074.95,3,1,28,5,10,2,14.40,
44074.95,3,1,29,5,9,3,17.12,
44074.95,3,1,30,3,57,3,41.08,
44074.95,3,1,30,4,30,2,1.02,
44074.95,3,1,32,2,11,2,19.82,
44074.95,3,1,32,2,11,3,28.27,
44074.95,3,1,32,4,9,3,18.22,
44074.95,3,1,32,4,10,1,15.34,
44074.95,3,1,34,4,74,3,4684.43,
44074.95,3,1,35,4,30,3,170.41,
44074.95,3,1,36,4,1,3,1332.44,
44074.95,3,1,37,5,23,3,3.45,
44074.95,3,1,4,4,13,3,34.65,
44074.95,3,1,13,4,60,3,6.36,
44074.95,3,1,27,4,11,2,156.32,
44074.95,3,1,37,5,25,1,19.41,
44074.95,3,1,37,5,25,3,1219.89,
44074.95,3,1,4,4,14,3,2.00,
44074.95,3,1,8,4,45,1,42.33,
44074.95,3,1,8,4,53,1,27.21,
44074.95,3,1,11,3,42,3,275.90,
44074.95,3,1,13,4,61,3,9.04,
44074.95,3,1,17,3,45,1,2.24,
44074.95,3,1,17,3,53,3,93.29,
44074.95,3,1,20,3,27,2,3.76,
44074.95,3,1,27,4,11,3,578.56,
44074.95,3,1,28,2,43,3,7.00,
44074.95,3,1,28,5,10,3,18.21,
44074.95,3,1,29,5,10,2,36.12,
44074.95,3,1,30,3,60,3,32.59,
44074.95,3,1,30,4,36,1,26.18,
44074.95,3,1,31,3,3,3,9.98,
44074.95,3,1,31,3,8,2,45.13,
44074.95,3,1,32,2,13,3,26.99,
44074.95,3,1,34,3,9,2,13.22,
44074.95,3,1,34,3,23,3,3.26,
44074.95,3,1,34,5,1,1,14.46,
44074.95,3,1,35,3,30,1,367.00,
44074.95,3,1,35,3,34,3,15163.75,
44074.95,3,1,37,5,74,3,1256.38,
44074.90,3,1,3,3,40,3,2.12,
44074.95,3,1,1,4,36,3,45.47,
44074.95,3,1,4,4,15,1,29.12,
44074.95,3,1,4,4,15,2,18.65,
44074.95,3,1,4,4,15,3,56.44,
44074.95,3,1,8,4,53,3,49.70,
44074.95,3,1,8,4,54,1,16.05,
44074.95,3,1,11,3,43,3,58.14,
44074.95,3,1,11,3,45,1,15.23,
44074.95,3,1,11,5,53,1,4.83,
44074.95,3,1,11,5,53,3,7.08,
44074.95,3,1,13,4,64,1,4.61,
44074.95,3,1,13,4,67,3,44.26,
44074.95,3,1,16,3,17,2,111.45,
44074.95,3,1,16,3,17,3,95.34,
44074.95,3,1,17,3,54,3,6.07,
44074.95,3,1,17,3,55,1,2.00,
44074.95,3,1,27,4,13,3,2.68,
44074.95,3,1,28,5,11,3,30.82,
44074.95,3,1,29,5,11,3,179.68,
44074.95,3,1,29,5,13,2,4.15,
44074.95,3,1,30,4,36,3,39.06,
44074.95,3,1,32,2,14,3,11.21,
44074.95,3,1,32,2,15,3,46.51,
44074.95,3,1,32,4,10,2,107.33,
44074.95,3,1,32,4,10,3,5.82,
44074.95,3,1,34,3,25,3,17.08,
44074.95,3,1,34,3,26,2,85.23,
44074.95,3,1,34,5,1,2,7.08,
44074.95,3,1,34,5,1,3,17.99,
44074.95,3,1,38,2,74,3,293.56,
44074.90,3,1,3,3,41,1,9.05,
44074.90,3,1,10,5,13,2,0.12,
44074.95,3,1,4,4,16,2,5.90,
44074.95,3,1,13,4,68,3,25.48,
44074.95,3,1,27,4,15,3,27.01,
44074.95,3,1,32,4,11,1,8.87,
44074.95,3,1,38,3,8,3,74.63,
44074.90,3,1,12,4,11,1,5.93,
44074.90,3,1,35,5,74,3,27.96,
44074.95,3,1,8,4,54,3,3.31,
44074.95,3,1,8,4,56,1,52.58,
44074.95,3,1,11,5,54,1,4.23,
44074.95,3,1,13,4,74,3,2695.06,
44074.95,3,1,27,4,16,2,413.66,
44074.95,3,1,34,5,8,2,1.75,
44074.95,3,1,38,3,9,3,2.77,
44074.90,3,1,3,3,42,3,25.16,
44074.90,3,1,3,3,43,3,3.82,
44074.90,3,1,12,4,11,2,16.45,
44074.90,3,1,10,5,15,2,0.22,
44074.90,3,1,10,5,36,1,0.89,
44074.95,3,1,4,4,17,2,5.21,
44074.95,3,1,4,4,18,3,8.78,
44074.95,3,1,4,4,36,1,34.24,
44074.95,3,1,8,4,56,3,15.66,
44074.95,3,1,8,4,57,1,30.84,
44074.95,3,1,8,4,57,3,5.09,
44074.95,3,1,11,3,48,2,5.20,
44074.95,3,1,11,3,49,3,3.64,
44074.95,3,1,11,5,54,3,3.31,
44074.95,3,1,13,5,56,3,6.98,
44074.95,3,1,13,5,74,3,45.14,
44074.95,3,1,17,3,56,3,51.18,
44074.95,3,1,17,3,57,2,3.04,
44074.95,3,1,20,3,27,3,82.49,
44074.95,3,1,22,3,33,2,3.59,
44074.95,3,1,27,4,16,3,97.02,
44074.95,3,1,27,4,17,2,416.87,
44074.95,3,1,28,5,16,2,21.17,
44074.95,3,1,29,5,13,3,36.54,
44074.95,3,1,29,5,14,3,17.13,
44074.95,3,1,30,3,61,3,21.62,
44074.95,3,1,30,4,37,1,2.25,
44074.95,3,1,31,3,1,3,358.39,
44074.95,3,1,31,3,13,2,13.42,
44074.95,3,1,32,2,22,3,3.80,
44074.95,3,1,32,2,36,3,16.77,
44074.95,3,1,32,4,11,2,9.34,
44074.95,3,1,32,4,11,3,61.91,
44074.95,3,1,34,3,26,3,23.94,
44074.95,3,1,34,3,27,2,4.27,
44074.95,3,1,34,5,8,3,10.10,
44074.95,3,1,34,5,9,2,5.26,
44074.95,3,1,34,5,9,3,13.54,
44074.95,3,1,35,3,30,2,1594.44,
44074.95,3,1,35,3,35,1,4285.37,
44074.95,3,1,36,4,2,3,19.07,
44074.95,3,1,36,5,74,3,2067.25,
44074.95,3,1,38,3,10,2,6.52,
44074.90,3,1,3,3,45,1,1.63,
44074.90,3,1,3,3,53,1,13.26,
44074.90,3,1,3,3,53,3,4.52,
44074.90,3,1,18,3,11,3,294.30,
44074.90,3,1,17,5,10,2,1.65,
44074.90,3,1,17,5,42,3,0.42,
44074.95,3,1,1,4,37,3,5.25,
44074.95,3,1,4,4,36,3,24.52,
44074.95,3,1,4,4,39,3,18.03,
44074.95,3,1,4,4,40,3,10.27,
44074.95,3,1,8,4,74,3,1479.85,
44074.95,3,1,8,5,1,2,1.61,
44074.95,3,1,11,3,53,1,45.92,
44074.95,3,1,11,5,56,3,3.31,
44074.95,3,1,14,2,74,3,342.87,
44074.95,3,1,14,3,10,3,16.88,
44074.95,3,1,14,3,11,2,8.70,
44074.95,3,1,16,3,18,3,43.80,
44074.95,3,1,27,4,17,3,383.41,
44074.95,3,1,28,5,16,3,21.51,
44074.95,3,1,29,5,15,3,37.21,
44074.95,3,1,29,5,74,3,562.86,
44074.95,3,1,30,4,37,3,42.19,
44074.95,3,1,31,3,13,3,279.37,
44074.95,3,1,32,2,37,3,6.28,
44074.95,3,1,32,4,13,1,56.20,
44074.95,3,1,38,3,11,2,27.12,
44074.95,3,1,38,3,11,3,49.89,
44074.90,3,1,7,2,51,3,8.05,
44074.95,3,1,8,5,8,2,1.76,
44074.95,3,1,8,5,10,2,26.96,
44074.95,3,1,14,3,11,3,27.46,
44074.95,3,1,28,4,1,3,1686.18,
44074.95,3,1,38,3,17,3,8.00,
44074.90,3,1,3,3,54,1,9.20,
44074.95,3,1,4,4,41,1,7.29,
44074.95,3,1,4,4,41,2,2.59,
44074.95,3,1,4,4,42,3,13.97,
44074.95,3,1,8,5,15,2,5.82,
44074.95,3,1,8,5,36,1,24.17,
44074.95,3,1,11,5,57,3,8.85,
44074.95,3,1,14,3,17,3,8.02,
44074.95,3,1,17,3,57,3,94.61,
44074.95,3,1,17,3,60,3,14.82,
44074.95,3,1,20,3,30,2,1.08,
44074.95,3,1,22,3,35,1,9.59,
44074.95,3,1,27,4,18,2,8.73,
44074.95,3,1,28,5,17,2,2.21,
44074.95,3,1,30,2,5,3,16.32,
44074.95,3,1,30,3,74,3,15925.89,
44074.95,3,1,30,4,39,3,24.48,
44074.95,3,1,31,3,15,2,12.74,
44074.95,3,1,32,2,39,3,18.86,
44074.95,3,1,32,4,13,2,130.44,
44074.95,3,1,34,3,27,3,121.73,
44074.95,3,1,34,5,10,3,3.36,
44074.95,3,1,38,3,18,3,2.09,
44074.90,3,1,3,3,57,3,2.61,
44074.95,3,1,4,4,43,1,1.00,
44074.95,3,1,4,4,46,2,1.19,
44074.95,3,1,4,4,46,3,4.13,
44074.95,3,1,8,5,54,1,1.00,
44074.95,3,1,8,5,74,3,251.80,
44074.95,3,1,9,2,2,3,6.00,
44074.95,3,1,11,3,53,3,334.95,
44074.95,3,1,11,5,61,3,1.02,
44074.95,3,1,11,5,74,3,125.84,
44074.95,3,1,14,3,25,3,5.99,
44074.95,3,1,14,3,27,3,2.36,
44074.95,3,1,17,3,61,3,1.82,
44074.95,3,1,27,4,18,3,76.91,
44074.95,3,1,27,4,20,2,385.72,
44074.95,3,1,28,5,17,3,25.60,
44074.95,3,1,28,5,22,3,3.12,
44074.95,3,1,30,2,11,2,16.51,
44074.95,3,1,30,4,40,3,17.19,
44074.95,3,1,31,3,8,3,209.88,
44074.95,3,1,31,3,15,3,122.68,
44074.95,3,1,32,2,40,3,50.06,
44074.95,3,1,32,4,13,3,268.69,
44074.95,3,1,32,4,14,1,13.51,
44074.95,3,1,34,3,30,2,58.16,
44074.95,3,1,38,3,22,3,13.02,
44074.90,3,1,12,4,11,3,43.14,
44074.95,3,1,9,2,4,3,6.19,
44074.95,3,1,14,3,36,3,6.16,
44074.95,3,1,30,4,1,1,28.92,
44074.95,3,1,31,3,9,2,114.13,
44074.95,3,1,32,2,43,3,1.74,
44074.95,3,1,34,5,11,2,5.45,
44074.95,3,1,36,5,1,1,74.91,
44074.95,3,1,38,3,42,3,24.88,
44074.90,3,1,3,3,74,2,40.22,
44074.90,3,1,12,4,14,1,3.78,
44074.90,3,1,19,5,1,3,0.00,
44074.90,3,1,22,5,10,2,1.14,
44074.95,3,1,1,4,39,3,717.73,
44074.95,3,1,4,4,53,1,2.62,
44074.95,3,1,4,4,53,3,22.03,
44074.95,3,1,4,4,54,3,24.52,
44074.95,3,1,9,2,11,2,9.44,
44074.95,3,1,9,2,11,3,6.72,
44074.95,3,1,11,3,54,1,7.62,
44074.95,3,1,13,2,43,3,4.84,
44074.95,3,1,13,2,56,3,4.06,
44074.95,3,1,14,3,42,3,6.44,
44074.95,3,1,14,3,43,3,4.94,
44074.95,3,1,14,3,48,3,2.25,
44074.95,3,1,16,3,20,2,42.82,
44074.95,3,1,16,3,20,3,7.96,
44074.95,3,1,17,3,64,1,62.02,
44074.95,3,1,17,3,64,3,77.16,
44074.95,3,1,20,3,30,3,5.03,
44074.95,3,1,21,3,74,3,48.74,
44074.95,3,1,21,4,1,2,2.81,
44074.95,3,1,22,3,36,1,20.77,
44074.95,3,1,22,3,41,1,28.92,
44074.95,3,1,23,5,9,2,66.98,
44074.95,3,1,34,3,30,3,18.44,
44074.95,3,1,34,5,11,3,19.18,
44074.95,3,1,38,3,74,3,1305.90,
44074.90,3,1,12,4,15,3,4.45,
44074.95,3,1,4,4,60,3,1.94,
44074.95,3,1,4,4,74,3,1771.29,
44074.95,3,1,4,5,1,1,19.18,
44074.95,3,1,9,2,14,3,6.09,
44074.95,3,1,9,2,15,3,24.44,
44074.95,3,1,13,2,57,3,11.13,
44074.95,3,1,13,2,74,3,1934.55,
44074.95,3,1,14,3,53,3,42.36,
44074.95,3,1,14,3,54,3,3.77,
44074.95,3,1,14,3,55,1,3.29,
44074.95,3,1,16,3,22,2,3.68,
44074.95,3,1,17,3,65,1,2.47,
44074.95,3,1,17,3,65,3,71.82,
44074.95,3,1,20,3,31,3,15.15,
44074.95,3,1,21,4,1,3,53.27,
44074.95,3,1,21,4,2,3,4.39,
44074.95,3,1,22,3,41,2,2.96,
44074.95,3,1,23,5,9,3,20.99,
44074.95,3,1,24,5,17,3,5.42,
44074.95,3,1,27,4,20,3,145.33,
44074.95,3,1,27,4,22,2,239.31,
44074.95,3,1,28,2,74,3,596.55,
44074.95,3,1,28,4,2,3,3.39,
44074.95,3,1,28,5,30,2,2.97,
44074.95,3,1,28,5,31,1,11.34,
44074.95,3,1,30,2,11,3,42.13,
44074.95,3,1,30,4,1,2,2.70,
44074.95,3,1,30,4,41,1,4.53,
44074.95,3,1,32,2,74,3,1892.29,
44074.95,3,1,32,3,1,2,7.06,
44074.95,3,1,32,4,14,2,29.74,
44074.95,3,1,34,3,31,3,23.32,
44074.95,3,1,34,3,41,1,3.39,
44074.95,3,1,34,5,17,2,6.21,
44074.95,3,1,34,5,17,3,2.43,
44074.95,3,1,34,5,22,3,6.40,
44074.95,3,1,35,3,35,2,3369.87,
44074.95,3,1,35,4,31,1,4.00,
44074.95,3,1,36,4,3,2,82.60,
44074.95,3,1,37,2,25,3,5.53,
44074.95,3,1,38,4,1,1,20.90,
44074.90,3,1,3,3,74,3,1501.71,
44074.90,3,1,35,5,34,1,1.57,
44074.95,3,1,1,4,40,3,1017.55,
44074.95,3,1,4,5,1,2,18.90,
44074.95,3,1,4,5,1,3,8.25,
44074.95,3,1,4,5,3,2,1.01,
44074.95,3,1,9,2,36,3,7.14,
44074.95,3,1,9,2,57,3,3.50,
44074.95,3,1,11,3,54,3,46.39,
44074.95,3,1,13,3,2,3,1.99,
44074.95,3,1,13,3,10,1,5.26,
44074.95,3,1,13,3,10,2,184.91,
44074.95,3,1,14,3,56,3,59.66,
44074.95,3,1,14,3,57,2,13.05,
44074.95,3,1,14,3,57,3,88.27,
44074.95,3,1,16,3,22,3,8.20,
44074.95,3,1,17,3,74,3,523.09,
44074.95,3,1,17,4,10,2,46.80,
44074.95,3,1,20,3,42,3,33.65,
44074.95,3,1,21,4,3,2,2.81,
44074.95,3,1,22,3,42,1,5.34,
44074.95,3,1,24,3,8,3,102.19,
44074.95,3,1,24,5,22,3,4.80,
44074.95,3,1,27,4,22,3,530.25,
44074.95,3,1,27,4,25,3,1.04,
44074.95,3,1,28,5,31,3,22.49,
44074.95,3,1,28,5,74,3,2117.95,
44074.95,3,1,30,2,15,3,101.29,
44074.95,3,1,30,2,22,3,4.72,
44074.95,3,1,30,4,41,2,4.53,
44074.95,3,1,32,3,1,3,61.11,
44074.95,3,1,32,3,2,2,15.02,
44074.95,3,1,32,4,14,3,21.13,
44074.95,3,1,32,4,15,1,104.67,
44074.95,3,1,34,3,42,3,78.31,
44074.95,3,1,34,3,54,3,1.71,
44074.95,3,1,34,5,27,3,6.05,
44074.95,3,1,34,5,30,3,12.81,
44074.95,3,1,34,5,74,3,620.96,
44074.95,3,1,35,3,30,3,874.91,
44074.95,3,1,35,3,35,3,4627.49,
44074.95,3,1,35,4,31,3,57.49,
44074.95,3,1,36,4,3,3,97.62,
44074.95,3,1,37,2,74,3,94.41,
44074.95,3,1,37,3,18,3,4.57,
44074.95,3,1,38,4,1,2,33.83,
44074.95,3,1,34,3,56,1,2.61,
44074.95,3,1,38,4,1,3,375.83,
44074.95,3,1,38,4,2,3,30.68,
44074.95,3,1,4,5,3,3,1.20,
44074.95,3,1,9,2,74,3,234.59,
44074.95,3,1,9,3,1,1,5.05,
44074.95,3,1,17,4,11,2,12.81,
44074.95,3,1,23,4,30,2,313.68,
44074.95,3,1,24,3,9,3,30.70,
44074.95,3,1,27,4,26,2,178.46,
44074.95,3,1,30,2,37,3,18.64,
44074.95,3,1,30,4,1,3,46.47,
44074.95,3,1,31,3,9,3,247.95,
44074.95,3,1,32,3,2,3,29.06,
44074.95,3,1,32,4,15,3,43.88,
44074.95,3,1,34,3,9,3,5.54,
44074.95,3,1,34,3,74,3,5500.88,
44074.95,3,1,35,2,11,3,32.56,
44074.95,3,1,35,2,18,3,13.52,
44074.95,3,1,35,3,31,1,2.50,
44074.95,3,1,35,3,41,1,4.08,
44074.95,3,1,35,4,32,2,73.19,
44074.95,3,1,37,3,1,3,18.78,
44074.95,3,1,37,3,2,3,5.22,
44074.95,3,1,38,4,3,3,66.84,
44074.95,3,1,4,5,8,2,4.70,
44074.95,3,1,4,5,8,3,3.31,
44074.95,3,1,9,3,1,3,26.18,
44074.95,3,1,9,3,2,3,8.36,
44074.95,3,1,9,3,8,1,17.86,
44074.95,3,1,13,3,10,3,43.78,
44074.95,3,1,14,3,58,1,1.00,
44074.95,3,1,16,3,25,3,5.25,
44074.95,3,1,17,4,11,3,6.75,
44074.95,3,1,17,4,14,2,2.26,
44074.95,3,1,20,3,74,3,2425.00,
44074.95,3,1,21,4,8,2,3.45,
44074.95,3,1,21,4,9,2,15.80,
44074.95,3,1,22,3,42,3,45.74,
44074.95,3,1,22,3,53,1,37.47,
44074.95,3,1,23,5,10,1,61.17,
44074.95,3,1,24,3,10,2,12.49,
44074.95,3,1,24,5,27,3,7.25,
44074.95,3,1,27,4,26,3,68.19,
44074.95,3,1,27,4,27,2,35.94,
44074.95,3,1,29,2,2,3,6.65,
44074.95,3,1,29,2,11,2,7.51,
44074.95,3,1,30,2,39,3,8.59,
44074.95,3,1,30,4,42,3,58.09,
44074.95,3,1,32,3,3,3,1.15,
44074.95,3,1,32,3,8,1,29.75,
44074.95,3,1,32,4,16,2,6.49,
44074.95,3,1,34,3,10,1,19.88,
44074.95,3,1,34,4,1,1,32.55,
44074.95,3,1,34,4,1,2,20.37,
44074.95,3,1,35,2,22,2,15.47,
44074.95,3,1,35,2,22,3,45.69,
44074.95,3,1,35,2,27,3,86.98,
44074.95,3,1,35,3,74,3,126464.91,
44074.95,3,1,35,4,32,3,67.79,
44074.95,3,1,36,4,8,2,54.07,
44074.95,3,1,36,5,1,2,59.47,
44074.95,3,1,37,3,3,3,5.25,
44074.95,3,1,37,3,8,3,30.59,
44074.95,3,1,37,3,22,3,30.02,
44074.95,3,1,38,4,8,2,15.93,
44074.95,3,1,9,3,8,3,22.37,
44074.95,3,1,14,3,60,3,21.21,
44074.95,3,1,14,3,61,3,4.99,
44074.95,3,1,16,3,26,2,31.23,
44074.95,3,1,17,4,15,1,95.16,
44074.95,3,1,27,4,27,3,253.65,
44074.95,3,1,30,4,45,1,5.25,
44074.95,3,1,32,4,17,2,17.13,
44074.95,3,1,34,4,1,3,188.75,
44074.95,3,1,35,4,33,1,2.22,
44074.95,3,1,38,4,8,3,46.98,
44074.90,3,1,12,4,16,2,11.01,
44074.95,3,1,9,3,10,1,8.70,
44074.95,3,1,9,3,10,2,162.25,
44074.95,3,1,30,2,40,3,7.31,
44074.95,3,1,30,4,8,3,19.08,
44074.95,3,1,32,3,8,2,34.97,
44074.95,3,1,34,4,2,3,33.87,
44074.95,3,1,36,4,8,3,205.64,
44074.95,3,1,37,3,25,3,677.11,
44074.95,3,1,38,4,9,2,149.21,
44074.90,3,1,12,4,17,2,20.72,
44074.90,3,1,18,3,13,2,2.80,
44074.95,3,1,1,4,41,1,12.26,
44074.95,3,1,4,5,9,3,8.68,
44074.95,3,1,4,5,10,2,4.99,
44074.95,3,1,9,3,10,3,40.32,
44074.95,3,1,9,3,11,1,12.25,
44074.95,3,1,9,3,11,2,61.01,
44074.95,3,1,11,3,56,1,35.20,
44074.95,3,1,11,3,56,3,113.78,
44074.95,3,1,13,3,11,2,63.76,
44074.95,3,1,13,3,11,3,217.12,
44074.95,3,1,14,3,67,2,8.85,
44074.95,3,1,14,3,67,3,32.77,
44074.95,3,1,14,3,74,3,266.63,
44074.95,3,1,16,3,27,3,4.15,
44074.95,3,1,17,4,15,2,12.00,
44074.95,3,1,17,4,15,3,13.00,
44074.95,3,1,20,4,1,1,27.39,
44074.95,3,1,21,4,9,3,15.81,
44074.95,3,1,21,4,10,1,8.15,
44074.95,3,1,22,3,53,3,39.30,
44074.95,3,1,22,3,54,3,15.78,
44074.95,3,1,23,4,30,3,6.13,
44074.95,3,1,23,5,10,2,228.84,
44074.95,3,1,24,3,10,3,44.39,
44074.95,3,1,24,5,30,1,107.15,
44074.95,3,1,24,5,74,3,879.97,
44074.95,3,1,27,4,30,1,83.06,
44074.95,3,1,27,4,30,2,446.43,
44074.95,3,1,29,2,11,3,16.47,
44074.95,3,1,29,2,15,3,17.86,
44074.95,3,1,30,2,42,3,9.25,
44074.95,3,1,30,4,9,2,23.63,
44074.95,3,1,30,4,53,3,7.19,
44074.95,3,1,32,3,8,3,56.87,
44074.95,3,1,32,3,9,2,11.61,
44074.95,3,1,32,4,17,3,2.43,
44074.95,3,1,34,4,3,2,12.68,
44074.95,3,1,34,4,3,3,15.98,
44074.95,3,1,35,2,31,3,8.54,
44074.95,3,1,35,2,33,2,3.67,
44074.95,3,1,35,2,33,3,157.17,
44074.95,3,1,35,4,10,1,7.53,
44074.95,3,1,35,4,33,2,86.59,
44074.95,3,1,36,4,9,2,159.47,
44074.95,3,1,36,4,9,3,217.26,
44074.95,3,1,36,5,1,3,913.57,
44074.95,3,1,37,3,9,3,20.78,
44074.95,3,1,38,4,9,3,251.78,
44074.90,3,1,3,4,1,1,72.11,
44074.90,3,1,3,4,1,3,45.18,
44074.90,3,1,12,4,17,3,10.13,
44074.90,3,1,3,5,1,1,4.67,
44074.90,3,1,36,3,23,3,71.22,
44074.95,3,1,1,4,41,2,6.45,
44074.95,3,1,1,4,42,1,33.18,
44074.95,3,1,4,5,11,1,3.99,
44074.95,3,1,4,5,11,3,6.61,
44074.95,3,1,9,3,11,3,294.30,
44074.95,3,1,9,3,13,2,4.79,
44074.95,3,1,9,3,13,3,54.76,
44074.95,3,1,11,3,57,1,22.37,
44074.95,3,1,11,3,57,2,42.28,
44074.95,3,1,13,3,14,1,3.78,
44074.95,3,1,13,3,14,2,7.80,
44074.95,3,1,14,4,10,1,5.36,
44074.95,3,1,14,4,10,2,19.58,
44074.95,3,1,14,4,11,1,5.93,
44074.95,3,1,16,3,30,2,10.62,
44074.95,3,1,17,4,17,2,30.86,
44074.95,3,1,17,4,18,2,2.61,
44074.95,3,1,20,4,1,2,18.60,
44074.95,3,1,21,4,10,2,22.27,
44074.95,3,1,21,4,11,3,33.32,
44074.95,3,1,22,3,74,3,11797.62,
44074.95,3,1,22,4,8,2,8.86,
44074.95,3,1,25,2,1,3,1.69,
44074.95,3,1,27,4,30,3,172.15,
44074.95,3,1,27,4,31,2,11.11,
44074.95,3,1,29,2,74,3,475.46,
44074.95,3,1,29,3,1,2,17.57,
44074.95,3,1,30,2,43,3,43.69,
44074.95,3,1,30,2,53,3,14.73,
44074.95,3,1,30,4,54,3,7.21,
44074.95,3,1,32,3,9,3,7.66,
44074.95,3,1,32,3,10,2,315.03,
44074.95,3,1,32,4,18,3,1.36,
44074.95,3,1,32,4,36,1,2.69,
44074.95,3,1,34,4,8,2,38.06,
44074.95,3,1,34,4,8,3,30.37,
44074.95,3,1,35,2,34,2,1.83,
44074.95,3,1,35,2,34,3,185.19,
44074.95,3,1,35,4,10,2,6.44,
44074.95,3,1,35,4,33,3,100.75,
44074.95,3,1,36,4,10,1,5.97,
44074.95,3,1,36,5,2,3,7.41,
44074.95,3,1,37,3,10,2,72.92,
44074.95,3,1,38,4,10,2,31.66,
44074.95,3,1,4,5,13,2,5.26,
44074.95,3,1,14,4,11,2,16.45,
44074.95,3,1,17,4,30,3,1.28,
44074.95,3,1,27,4,31,3,42.71,
44074.95,3,1,28,4,3,2,61.88,
44074.95,3,1,30,2,56,3,7.25,
44074.95,3,1,32,3,10,3,43.16,
44074.95,3,1,35,2,35,1,43.94,
44074.95,3,1,36,5,3,2,97.51,
44074.95,3,1,38,4,10,3,3.92,
44074.95,3,1,36,5,3,3,94.35,
44074.95,3,1,38,4,11,3,38.74,
44074.95,3,1,4,5,13,3,1.97,
44074.95,3,1,9,3,14,3,4.26,
44074.95,3,1,14,4,11,3,43.14,
44074.95,3,1,17,4,36,1,16.81,
44074.95,3,1,17,4,41,1,16.81,
44074.95,3,1,27,5,11,3,31.45,
44074.95,3,1,30,2,58,3,4.00,
44074.95,3,1,30,4,10,1,71.35,
44074.95,3,1,30,4,56,1,5.93,
44074.95,3,1,32,3,11,2,49.11,
44074.95,3,1,32,4,36,3,19.76,
44074.95,3,1,34,3,10,2,387.72,
44074.95,3,1,34,4,9,2,115.90,
44074.95,3,1,35,2,35,2,57.96,
44074.95,3,1,35,2,35,3,2056.54,
44074.95,3,1,35,4,11,3,3.92,
44074.95,3,1,35,4,34,1,179.08,
44074.95,3,1,36,4,10,3,1.72,
44074.95,3,1,36,4,11,3,40.53,
44074.95,3,1,36,5,8,2,61.40,
44074.95,3,1,36,5,8,3,239.92,
44074.95,3,1,38,4,15,3,4.33,
44074.95,3,1,4,5,14,3,3.66,
44074.95,3,1,9,3,15,1,144.09,
44074.95,3,1,9,3,15,2,7.57,
44074.95,3,1,13,3,15,1,17.49,
44074.95,3,1,14,4,14,1,3.78,
44074.95,3,1,14,4,15,3,4.45,
44074.95,3,1,14,4,16,2,11.01,
44074.95,3,1,17,4,41,2,1.41,
44074.95,3,1,20,4,1,3,166.05,
44074.95,3,1,25,2,2,3,8.70,
44074.95,3,1,27,4,32,2,20.80,
44074.95,3,1,29,3,1,3,86.14,
44074.95,3,1,29,3,2,2,1.59,
44074.95,3,1,30,2,67,3,9.25,
44074.95,3,1,30,4,57,3,9.68,
44074.95,3,1,32,3,11,3,325.42,
44074.95,3,1,32,3,13,1,57.43,
44074.95,3,1,32,4,37,3,3.42,
44074.95,3,1,32,4,39,1,3.42,
44074.95,3,1,34,4,9,3,93.18,
44074.95,3,1,34,4,10,1,125.55,
44074.95,3,1,35,2,74,3,41876.45,
44074.95,3,1,35,3,10,1,2.88,
44074.95,3,1,35,3,10,2,124.63,
44074.95,3,1,35,4,16,2,4.48,
44074.95,3,1,35,4,34,2,1150.72,
44074.95,3,1,36,4,16,3,6.64,
44074.95,3,1,36,4,17,2,2.16,
44074.95,3,1,36,5,9,2,167.22,
44074.95,3,1,37,3,10,3,15.63,
44074.95,3,1,38,4,16,2,14.02,
44074.95,3,1,24,3,11,2,95.70,
44074.95,3,1,32,4,39,3,17.02,
44074.95,3,1,36,4,17,3,7.22,
44074.95,3,1,38,4,16,3,12.79,
44074.90,3,1,12,4,18,3,4.58,
44074.95,3,1,4,5,15,3,25.77,
44074.95,3,1,9,3,17,2,31.78,
44074.95,3,1,22,4,10,1,37.34,
44074.95,3,1,24,3,11,3,86.27,
44074.95,3,1,30,2,74,3,8764.81,
44074.95,3,1,38,4,17,3,19.23,
44074.95,3,1,1,4,42,3,72.02,
44074.95,3,1,4,5,36,1,3.24,
44074.95,3,1,4,5,42,3,4.49,
44074.95,3,1,4,5,74,3,435.30,
44074.95,3,1,9,3,17,3,2.47,
44074.95,3,1,9,3,18,3,4.72,
44074.95,3,1,11,3,57,3,136.99,
44074.95,3,1,14,4,17,2,20.72,
44074.95,3,1,14,4,17,3,10.13,
44074.95,3,1,14,4,18,3,4.58,
44074.95,3,1,16,3,30,3,1.88,
44074.95,3,1,16,3,36,1,18.09,
44074.95,3,1,17,4,42,3,9.75,
44074.95,3,1,17,4,45,1,22.71,
44074.95,3,1,20,4,2,3,29.82,
44074.95,3,1,21,4,13,3,3.32,
44074.95,3,1,21,4,16,3,6.99,
44074.95,3,1,22,4,10,2,90.84,
44074.95,3,1,22,4,10,3,21.63,
44074.95,3,1,23,4,13,3,23.30,
44074.95,3,1,23,4,31,2,15.68,
44074.95,3,1,23,5,10,3,5.61,
44074.95,3,1,23,5,11,1,9.24,
44074.95,3,1,24,3,16,2,1.00,
44074.95,3,1,25,2,4,3,2.75,
44074.95,3,1,25,2,10,2,22.37,
44074.95,3,1,26,2,9,3,5.60,
44074.95,3,1,29,3,2,3,8.85,
44074.95,3,1,30,3,1,3,27.34,
44074.95,3,1,32,4,40,1,4.95,
44074.95,3,1,34,4,10,2,177.37,
44074.95,3,1,38,4,18,3,2.09,
44074.90,3,1,36,4,23,3,162.92,
44074.90,3,1,36,5,23,3,109.16,
44074.95,3,1,1,4,43,2,1.85,
44074.95,3,1,6,2,2,3,6.36,
44074.95,3,1,6,2,11,3,10.97,
44074.95,3,1,6,2,74,2,33.90,
44074.95,3,1,9,3,22,2,4.16,
44074.95,3,1,9,3,36,1,20.82,
44074.95,3,1,9,3,36,3,43.71,
44074.95,3,1,17,4,53,1,16.15,
44074.95,3,1,20,4,3,2,10.99,
44074.95,3,1,21,4,17,2,6.84,
44074.95,3,1,21,4,18,3,2.09,
44074.95,3,1,22,4,11,1,15.87,
44074.95,3,1,23,4,31,3,3.80,
44074.95,3,1,25,2,10,3,60.53,
44074.95,3,1,30,3,2,3,3.63,
44074.95,3,1,32,4,40,3,25.31,
44074.95,3,1,32,4,42,3,4.07,
44074.95,3,1,38,4,42,3,5.74,
44074.90,3,1,12,4,20,2,4.21,
44074.95,3,1,9,3,41,1,21.15,
44074.95,3,1,28,3,1,2,1.55,
44074.95,3,1,38,4,74,3,2818.83,
44074.90,3,1,3,4,10,1,78.64,
44074.90,3,1,12,4,20,3,2.81,
44074.90,3,1,18,3,13,3,31.98,
44074.90,3,1,19,3,24,3,0.93,
44074.95,3,1,1,4,45,1,16.87,
44074.95,3,1,1,4,53,1,5.41,
44074.95,3,1,6,2,74,3,175.45,
44074.95,3,1,6,3,2,3,1.41,
44074.95,3,1,9,3,42,1,7.32,
44074.95,3,1,14,4,20,2,4.21,
44074.95,3,1,17,4,53,3,118.84,
44074.95,3,1,17,4,54,1,22.08,
44074.95,3,1,20,4,3,3,14.56,
44074.95,3,1,20,4,8,2,30.15,
44074.95,3,1,21,4,20,3,3.72,
44074.95,3,1,21,4,22,3,23.94,
44074.95,3,1,22,4,11,2,11.20,
44074.95,3,1,22,4,11,3,37.72,
44074.95,3,1,23,5,11,2,22.65,
44074.95,3,1,23,5,11,3,17.40,
44074.95,3,1,24,3,16,3,2.50,
44074.95,3,1,24,3,17,2,9.32,
44074.95,3,1,25,2,11,2,8.70,
44074.95,3,1,25,2,11,3,69.83,
44074.95,3,1,26,2,10,2,22.27,
44074.95,3,1,30,3,5,3,2.76,
44074.95,3,1,38,5,1,1,2.66,
44074.90,3,1,3,4,10,2,101.69,
44074.90,3,1,3,4,10,3,6.37,
44074.90,3,1,3,4,11,1,13.60,
44074.90,3,1,12,4,22,2,4.54,
44074.90,3,1,18,3,14,3,3.53,
44074.90,3,1,18,3,15,1,68.54,
44074.90,3,1,22,3,24,3,0.85,
44074.90,3,1,34,3,24,3,1.44993939681835e-04,
44074.95,3,1,1,4,53,3,37.74,
44074.95,3,1,1,4,54,1,57.08,
44074.95,3,1,6,3,4,3,10.37,
44074.95,3,1,6,3,8,2,15.44,
44074.95,3,1,6,3,8,3,16.30,
44074.95,3,1,9,3,42,3,42.34,
44074.95,3,1,9,3,43,3,5.64,
44074.95,3,1,11,3,58,1,3.07,
44074.95,3,1,11,3,60,3,56.80,
44074.95,3,1,14,4,20,3,2.81,
44074.95,3,1,16,3,36,3,13.09,
44074.95,3,1,16,3,41,1,4.46,
44074.95,3,1,17,4,54,3,3.32,
44074.95,3,1,17,4,56,1,22.58,
44074.95,3,1,20,4,8,3,23.38,
44074.95,3,1,21,4,30,2,1.80,
44074.95,3,1,21,4,30,3,2.71,
44074.95,3,1,22,4,13,2,30.34,
44074.95,3,1,22,4,15,3,11.14,
44074.95,3,1,23,4,32,2,5.97,
44074.95,3,1,24,3,17,3,13.83,
44074.95,3,1,24,3,18,3,1.74,
44074.95,3,1,25,2,17,2,13.79,
44074.95,3,1,25,2,17,3,48.59,
44074.95,3,1,26,2,10,3,84.26,
44074.95,3,1,26,3,16,2,33.72,
44074.95,3,1,26,3,17,2,24.16,
44074.95,3,1,26,4,18,2,2.56,
44074.95,3,1,26,4,20,2,21.30,
44074.95,3,1,30,3,8,3,15.76,
44074.95,3,1,38,5,1,2,3.06,
44074.90,3,1,3,4,11,3,36.68,
44074.90,3,1,3,4,14,1,30.86,
44074.90,3,1,3,4,15,1,99.81,
44074.90,3,1,37,4,24,3,4.58,
44074.90,3,1,37,5,24,1,0.00,
44074.95,3,1,1,4,54,3,49.78,
44074.95,3,1,1,4,56,1,3.39,
44074.95,3,1,6,3,10,2,53.14,
44074.95,3,1,9,3,45,1,9.21,
44074.95,3,1,9,3,46,3,1.16,
44074.95,3,1,17,4,56,3,2.37,
44074.95,3,1,17,4,57,1,28.82,
44074.95,3,1,22,4,16,2,3.09,
44074.95,3,1,24,3,20,2,7.85,
44074.95,3,1,25,2,18,3,16.71,
44074.95,3,1,38,5,1,3,134.07,
44074.95,3,1,38,5,2,3,2.90,
44074.90,3,1,37,5,24,3,1.01,
44074.95,3,1,6,3,10,3,48.11,
44074.95,3,1,9,3,49,3,2.33,
44074.95,3,1,9,3,53,1,23.63,
44074.95,3,1,17,4,57,2,8.52,
44074.95,3,1,17,4,57,3,9.77,
44074.95,3,1,22,4,17,2,21.80,
44074.95,3,1,23,5,14,1,36.00,
44074.95,3,1,24,3,20,3,12.13,
44074.95,3,1,38,5,3,2,29.64,
44074.90,3,1,3,4,15,2,16.71,
44074.90,3,1,3,4,15,3,36.43,
44074.90,3,1,12,4,22,3,7.44,
44074.90,3,1,18,3,15,2,3.60,
44074.90,3,1,36,3,24,3,27.32,
44074.95,3,1,1,4,57,1,3.55,
44074.95,3,1,1,4,57,2,4.89,
44074.95,3,1,6,3,11,1,2.85,
44074.95,3,1,6,3,11,2,48.88,
44074.95,3,1,9,3,53,3,35.10,
44074.95,3,1,11,3,61,3,47.89,
44074.95,3,1,16,3,41,2,20.08,
44074.95,3,1,17,4,60,3,2.37,
44074.95,3,1,20,4,9,2,98.14,
44074.95,3,1,21,4,74,3,331.35,
44074.95,3,1,22,4,17,3,13.59,
44074.95,3,1,25,2,20,2,1.59,
44074.95,3,1,25,2,20,3,12.07,
44074.95,3,1,38,5,3,3,13.46,
44074.90,3,1,3,4,16,2,1.51,
44074.90,3,1,3,4,17,2,20.83,
44074.90,3,1,3,4,17,3,13.45,
44074.90,3,1,18,3,17,2,31.78,
44074.90,3,1,18,3,17,3,2.47,
44074.90,3,1,36,4,24,3,62.50,
44074.90,3,1,36,5,24,3,41.88,
44074.95,3,1,1,4,74,3,2322.57,
44074.95,3,1,1,5,16,2,1.07,
44074.95,3,1,6,3,11,3,465.66,
44074.95,3,1,6,3,13,2,4.38,
44074.95,3,1,6,3,13,3,84.07,
44074.95,3,1,17,4,61,3,4.16,
44074.95,3,1,17,4,64,1,153.84,
44074.95,3,1,22,4,18,3,6.09,
44074.95,3,1,24,3,22,2,15.62,
44074.95,3,1,25,2,22,2,19.52,
44074.95,3,1,38,5,8,2,1.75,
44074.95,3,1,9,3,54,1,17.75,
44074.95,3,1,14,4,22,2,4.54,
44074.95,3,1,17,4,64,3,14.52,
44074.95,3,1,17,4,65,3,89.24,
44074.95,3,1,20,4,9,3,78.98,
44074.95,3,1,22,4,20,2,2.68,
44074.95,3,1,22,4,20,3,8.62,
44074.95,3,1,24,3,22,3,170.92,
44074.95,3,1,30,3,9,2,2.77,
44074.95,3,1,30,4,10,2,325.89,
44074.95,3,1,35,4,17,2,2.92,
44074.95,3,1,38,5,8,3,23.94,
44074.95,3,1,6,3,14,1,4.92,
44074.95,3,1,6,3,14,3,6.84,
44074.95,3,1,6,3,15,1,11.40,
44074.95,3,1,9,3,54,3,6.65,
44074.95,3,1,9,3,56,1,3.33,
44074.95,3,1,9,3,56,3,7.05,
44074.95,3,1,14,4,22,3,7.44,
44074.95,3,1,14,4,26,2,1.87,
44074.95,3,1,16,3,42,3,242.08,
44074.95,3,1,16,3,43,3,24.46,
44074.95,3,1,17,4,67,1,10.24,
44074.95,3,1,17,4,74,3,332.10,
44074.95,3,1,20,4,10,1,96.53,
44074.95,3,1,20,4,10,2,138.17,
44074.95,3,1,20,4,10,3,24.73,
44074.95,3,1,21,5,1,1,7.35,
44074.95,3,1,21,5,1,2,2.03,
44074.95,3,1,22,4,22,3,42.14,
44074.95,3,1,22,4,25,3,26.30,
44074.95,3,1,23,4,15,1,42.21,
44074.95,3,1,23,4,33,2,8.74,
44074.95,3,1,23,5,16,2,37.86,
44074.95,3,1,23,5,17,2,39.78,
44074.95,3,1,24,3,26,2,11.55,
44074.95,3,1,24,3,26,3,6.92,
44074.95,3,1,25,2,22,3,148.81,
44074.95,3,1,25,2,26,2,1.68,
44074.95,3,1,26,2,11,2,13.05,
44074.95,3,1,26,3,54,1,12.81,
44074.95,3,1,27,3,9,3,29.74,
44074.95,3,1,27,4,32,3,22.25,
44074.95,3,1,29,3,3,2,19.33,
44074.95,3,1,29,3,3,3,10.06,
44074.95,3,1,30,3,9,3,2.77,
44074.95,3,1,30,3,10,2,955.11,
44074.95,3,1,32,3,13,2,200.68,
44074.95,3,1,32,3,13,3,394.60,
44074.95,3,1,32,4,74,3,1924.81,
44074.95,3,1,38,5,9,2,57.00,
44074.95,3,1,1,2,2,3,3.47,
44074.95,3,1,6,3,15,2,4.12,
44074.95,3,1,6,3,15,3,39.15,
44074.95,3,1,6,3,17,2,20.22,
44074.95,3,1,9,3,57,1,15.55,
44074.95,3,1,9,3,57,2,3.13,
44074.95,3,1,9,3,57,3,20.91,
44074.95,3,1,11,3,64,1,5.76,
44074.95,3,1,14,4,27,3,1.77,
44074.95,3,1,16,3,45,1,7.72,
44074.95,3,1,17,5,27,2,1.27,
44074.95,3,1,17,5,54,1,2.10,
44074.95,3,1,20,4,11,2,50.21,
44074.95,3,1,21,5,1,3,43.34,
44074.95,3,1,21,5,3,2,3.83,
44074.95,3,1,22,4,26,2,4.00,
44074.95,3,1,23,4,34,2,32.24,
44074.95,3,1,23,5,18,2,3.24,
44074.95,3,1,24,3,27,2,3.37,
44074.95,3,1,25,2,27,2,14.08,
44074.95,3,1,27,4,33,2,22.28,
44074.95,3,1,30,3,10,3,891.83,
44074.95,3,1,32,5,1,1,4.59,
44074.95,3,1,38,5,9,3,45.51,
44074.90,3,1,12,4,26,2,1.87,
44074.90,3,1,12,4,27,3,1.77,
44074.90,3,1,7,3,51,3,6.34,
44074.95,3,1,38,5,11,3,9.12,
44074.90,3,1,3,4,36,1,39.98,
44074.90,3,1,12,4,30,2,6.02,
44074.90,3,1,12,4,36,1,16.04,
44074.90,3,1,18,3,18,3,4.72,
44074.90,3,1,18,3,22,2,4.16,
44074.95,3,1,1,2,11,2,9.74,
44074.95,3,1,1,2,13,3,2.00,
44074.95,3,1,1,5,39,3,4.47,
44074.95,3,1,1,5,40,3,13.81,
44074.95,3,1,6,3,17,3,17.44,
44074.95,3,1,6,3,18,3,1.80,
44074.95,3,1,6,3,36,1,13.27,
44074.95,3,1,9,3,58,1,1.00,
44074.95,3,1,9,3,60,3,1.97,
44074.95,3,1,11,3,65,3,17.31,
44074.95,3,1,14,4,30,2,6.02,
44074.95,3,1,16,3,53,1,10.97,
44074.95,3,1,17,5,64,1,3.79,
44074.95,3,1,17,5,74,3,11.68,
44074.95,3,1,20,4,11,3,200.53,
44074.95,3,1,20,4,13,2,22.20,
44074.95,3,1,21,5,3,3,1.03,
44074.95,3,1,22,4,27,3,4.79,
44074.95,3,1,22,4,30,2,26.29,
44074.95,3,1,23,5,18,3,4.53,
44074.95,3,1,24,3,27,3,56.18,
44074.95,3,1,24,3,30,3,6.71,
44074.95,3,1,26,2,11,3,100.70,
44074.95,3,1,27,4,33,3,42.85,
44074.95,3,1,30,3,11,1,5.93,
44074.95,3,1,38,5,17,2,3.40,
44074.95,3,1,38,5,42,3,21.96,
44074.90,3,1,3,4,45,1,7.85,
44074.90,3,1,3,4,54,1,31.55,
44074.90,3,1,3,4,54,3,3.98,
44074.90,3,1,12,4,36,3,6.52,
44074.90,3,1,18,3,36,1,3.69,
44074.90,3,1,18,3,36,3,7.74,
44074.95,3,1,1,2,15,2,12.40,
44074.95,3,1,1,2,15,3,43.73,
44074.95,3,1,1,2,36,3,14.11,
44074.95,3,1,1,5,74,3,7.97,
44074.95,3,1,2,2,2,3,8.36,
44074.95,3,1,6,3,36,3,7.11,
44074.95,3,1,6,3,37,3,3.36,
44074.95,3,1,6,3,39,3,9.15,
44074.95,3,1,9,3,64,1,1.74,
44074.95,3,1,9,3,67,2,14.67,
44074.95,3,1,9,3,74,3,1533.82,
44074.95,3,1,11,3,67,1,21.78,
44074.95,3,1,14,4,36,1,16.04,
44074.95,3,1,16,3,53,3,167.34,
44074.95,3,1,16,3,54,3,63.19,
44074.95,3,1,19,2,2,3,3.06,
44074.95,3,1,19,2,10,3,12.07,
44074.95,3,1,20,4,13,3,9.31,
44074.95,3,1,20,4,15,3,16.84,
44074.95,3,1,21,5,8,2,6.22,
44074.95,3,1,21,5,8,3,16.73,
44074.95,3,1,22,4,36,1,2.57,
44074.95,3,1,22,4,42,3,3.28,
44074.95,3,1,23,5,20,2,96.82,
44074.95,3,1,24,3,31,3,17.72,
44074.95,3,1,24,3,42,3,64.76,
44074.95,3,1,25,2,27,3,135.19,
44074.95,3,1,25,2,31,3,4.33,
44074.95,3,1,25,2,41,2,1.27,
44074.95,3,1,26,2,13,3,2.46,
44074.95,3,1,26,2,15,2,21.48,
44074.95,3,1,26,3,18,2,7.47,
44074.95,3,1,26,3,54,3,6.78,
44074.95,3,1,26,4,22,2,4.89,
44074.95,3,1,26,4,26,2,14.66,
44074.95,3,1,27,3,10,1,11.91,
44074.95,3,1,29,3,8,2,20.35,
44074.95,3,1,38,5,74,3,1371.48,
44074.95,3,1,39,2,2,3,2.68,
44074.90,3,1,3,4,74,2,45.95,
44074.90,3,1,3,4,74,3,1493.43,
44074.90,3,1,3,5,3,2,2.69,
44074.90,3,1,12,4,41,1,1.56,
44074.90,3,1,18,3,41,1,9.67,
44074.90,3,1,18,3,42,1,4.35,
44074.95,3,1,1,2,39,3,84.55,
44074.95,3,1,1,2,40,3,50.14,
44074.95,3,1,1,2,42,3,4.68,
44074.95,3,1,2,2,4,3,1.29,
44074.95,3,1,2,2,11,2,9.44,
44074.95,3,1,6,3,40,3,27.80,
44074.95,3,1,6,3,41,1,8.70,
44074.95,3,1,6,3,41,2,2.23,
44074.95,3,1,9,4,1,1,34.48,
44074.95,3,1,9,4,1,2,3.66,
44074.95,3,1,9,4,1,3,2.50,
44074.95,3,1,13,3,15,2,7.80,
44074.95,3,1,16,3,56,1,23.24,
44074.95,3,1,19,2,11,3,16.16,
44074.95,3,1,20,4,16,2,39.20,
44074.95,3,1,20,4,16,3,7.97,
44074.95,3,1,21,5,9,2,29.83,
44074.95,3,1,21,5,9,3,7.20,
44074.95,3,1,22,4,54,3,7.78,
44074.95,3,1,22,4,74,3,1799.38,
44074.95,3,1,23,5,20,3,4.45,
44074.95,3,1,24,3,74,3,4328.71,
44074.95,3,1,24,4,1,1,102.66,
44074.95,3,1,25,2,42,3,23.07,
44074.95,3,1,25,2,53,3,4.63,
44074.95,3,1,25,2,74,1,1998.49,
44074.95,3,1,26,2,17,2,1.31,
44074.95,3,1,26,2,17,3,11.79,
44074.95,3,1,26,3,18,3,3.37,
44074.95,3,1,26,3,74,1,29342.00,
44074.95,3,1,26,4,1,1,510.63,
44074.95,3,1,26,4,27,3,3.03,
44074.95,3,1,27,3,10,2,270.62,
44074.95,3,1,35,3,10,3,19.20,
44074.95,3,1,39,2,74,3,1266.52,
44074.95,3,1,39,3,1,3,25.61,
44074.90,3,1,12,4,41,2,9.08,
44074.90,3,1,12,4,42,3,20.20,
44074.95,3,1,9,4,3,3,2.08,
44074.95,3,1,30,3,11,2,153.50,
44074.95,3,1,39,3,8,3,1.49,
44074.90,3,1,3,5,13,1,2.89,
44074.90,3,1,3,5,74,2,5.54,
44074.90,3,1,12,4,45,1,14.85,
44074.90,3,1,12,4,53,1,30.83,
44074.90,3,1,18,3,42,3,25.16,
44074.95,3,1,1,2,43,3,4.89,
44074.95,3,1,2,2,11,3,26.23,
44074.95,3,1,6,3,42,3,60.88,
44074.95,3,1,6,3,43,3,12.15,
44074.95,3,1,9,4,8,1,14.90,
44074.95,3,1,9,4,8,3,4.29,
44074.95,3,1,16,3,56,3,45.53,
44074.95,3,1,16,3,57,1,3.95,
44074.95,3,1,19,2,22,3,25.95,
44074.95,3,1,19,2,27,3,16.87,
44074.95,3,1,20,4,17,2,27.14,
44074.95,3,1,21,5,10,1,2.88,
44074.95,3,1,21,5,10,2,5.76,
44074.95,3,1,23,2,2,2,1.74,
44074.95,3,1,23,2,2,3,11.48,
44074.95,3,1,23,5,22,2,23.32,
44074.95,3,1,23,5,22,3,8.95,
44074.95,3,1,24,4,1,2,68.77,
44074.95,3,1,24,4,1,3,964.62,
44074.95,3,1,25,3,1,2,5.36,
44074.95,3,1,26,2,20,2,13.52,
44074.95,3,1,30,3,11,3,1397.73,
44074.95,3,1,39,3,9,3,21.81,
44074.90,3,1,3,5,74,3,39.05,
44074.90,3,1,5,2,2,3,4.00,
44074.90,3,1,5,2,4,3,1.29,
44074.90,3,1,12,4,53,3,110.38,
44074.90,3,1,18,3,43,3,22.10,
44074.90,3,1,18,3,45,1,1.75,
44074.95,3,1,1,2,53,3,4.34,
44074.95,3,1,1,2,57,3,7.42,
44074.95,3,1,2,2,15,3,13.79,
44074.95,3,1,2,2,42,3,3.11,
44074.95,3,1,6,3,46,2,1.00,
44074.95,3,1,6,3,53,1,1.84,
44074.95,3,1,6,3,53,3,15.91,
44074.95,3,1,9,4,9,2,3.09,
44074.95,3,1,9,4,10,1,10.69,
44074.95,3,1,11,3,70,3,17.87,
44074.95,3,1,16,3,57,2,6.46,
44074.95,3,1,16,3,57,3,87.27,
44074.95,3,1,19,2,42,3,11.20,
44074.95,3,1,19,2,74,3,374.30,
44074.95,3,1,20,4,17,3,15.23,
44074.95,3,1,21,5,10,3,9.32,
44074.95,3,1,23,2,4,3,1.74,
44074.95,3,1,24,4,2,3,36.99,
44074.95,3,1,25,3,1,3,99.72,
44074.95,3,1,25,3,3,2,2.20,
44074.95,3,1,39,3,10,2,8.53,
44074.90,3,1,5,2,11,3,12.31,
44074.90,3,1,5,2,74,3,341.91,
44074.90,3,1,5,3,1,3,26.68,
44074.90,3,1,18,3,46,3,0.00,
44074.90,3,1,18,3,49,3,2.33,
44074.95,3,1,1,2,74,3,505.89,
44074.95,3,1,1,3,2,2,1.15,
44074.95,3,1,2,2,74,3,100.97,
44074.95,3,1,2,3,1,1,3.36,
44074.95,3,1,6,3,54,1,9.06,
44074.95,3,1,9,4,10,2,48.03,
44074.95,3,1,9,4,10,3,4.57,
44074.95,3,1,19,3,9,3,2.77,
44074.95,3,1,19,3,10,1,26.99,
44074.95,3,1,23,2,74,3,325.04,
44074.95,3,1,24,4,3,2,88.40,
44074.95,3,1,25,3,8,3,2.87,
44074.95,3,1,39,3,10,3,54.35,
44074.90,3,1,5,3,2,2,10.66,
44074.90,3,1,12,4,54,3,16.30,
44074.90,3,1,7,4,51,3,11.22,
44074.95,3,1,6,3,54,3,10.34,
44074.95,3,1,6,3,56,1,2.27,
44074.95,3,1,9,4,11,1,41.66,
44074.95,3,1,9,4,11,2,17.66,
44074.95,3,1,19,3,10,2,314.38,
44074.95,3,1,19,3,10,3,72.22,
44074.95,3,1,20,4,18,3,3.39,
44074.95,3,1,21,5,17,2,2.86,
44074.95,3,1,21,5,17,3,3.16,
44074.95,3,1,23,3,1,3,165.66,
44074.95,3,1,23,3,2,2,3.74,
44074.95,3,1,23,5,26,2,71.48,
44074.95,3,1,24,4,3,3,193.64,
44074.95,3,1,24,4,8,2,92.58,
44074.95,3,1,26,2,22,3,8.17,
44074.95,3,1,29,3,8,3,87.56,
44074.95,3,1,30,3,13,1,6.35,
44074.95,3,1,32,3,14,1,46.75,
44074.95,3,1,39,3,11,3,72.72,
44074.90,3,1,5,3,2,3,6.63,
44074.90,3,1,5,3,4,3,3.69,
44074.90,3,1,18,3,51,2,0.00,
44074.95,3,1,1,3,2,3,7.24,
44074.95,3,1,2,3,1,2,1.67,
44074.95,3,1,2,3,1,3,9.31,
44074.95,3,1,6,3,56,3,5.17,
44074.95,3,1,6,3,57,3,11.52,
44074.95,3,1,6,3,67,2,16.46,
44074.95,3,1,9,4,13,1,56.70,
44074.95,3,1,9,4,14,1,37.22,
44074.95,3,1,16,3,60,3,9.91,
44074.95,3,1,16,3,61,3,2.22,
44074.95,3,1,19,3,11,2,56.23,
44074.95,3,1,19,3,11,3,295.30,
44074.95,3,1,20,4,20,2,48.32,
44074.95,3,1,21,5,22,3,5.47,
44074.95,3,1,21,5,27,3,1.52,
44074.95,3,1,23,3,2,3,16.75,
44074.95,3,1,23,3,3,2,2.85,
44074.95,3,1,23,5,27,2,15.93,
44074.95,3,1,24,4,8,3,87.66,
44074.95,3,1,24,4,9,2,183.90,
44074.95,3,1,25,3,9,2,13.00,
44074.95,3,1,25,3,9,3,29.17,
44074.95,3,1,26,2,27,2,2.21,
44074.95,3,1,26,2,27,3,6.04,
44074.95,3,1,30,3,13,2,166.35,
44074.95,3,1,39,3,13,3,2.13,
44074.90,3,1,5,3,8,2,24.00,
44074.90,3,1,5,3,8,3,20.86,
44074.95,3,1,2,3,2,3,15.82,
44074.95,3,1,6,3,67,3,4.82,
44074.95,3,1,13,3,15,3,41.68,
44074.95,3,1,16,3,64,1,60.39,
44074.95,3,1,19,3,13,3,19.32,
44074.95,3,1,21,5,30,2,8.06,
44074.95,3,1,21,5,74,3,352.78,
44074.95,3,1,25,3,10,1,23.61,
44074.95,3,1,27,4,34,2,14.56,
44074.95,3,1,39,3,15,3,3.33,
44074.95,3,1,39,3,17,2,21.65,
44074.90,3,1,5,3,9,2,3.30,
44074.90,3,1,12,4,55,1,1.08,
44074.95,3,1,1,3,3,3,12.02,
44074.95,3,1,1,3,10,1,25.08,
44074.95,3,1,2,3,8,3,3.58,
44074.95,3,1,2,3,9,3,6.65,
44074.95,3,1,6,3,74,2,1123.89,
44074.95,3,1,6,3,74,3,904.06,
44074.95,3,1,9,4,15,1,103.91,
44074.95,3,1,9,4,15,2,32.54,
44074.95,3,1,11,3,74,3,6172.90,
44074.95,3,1,14,4,36,3,6.52,
44074.95,3,1,19,3,15,1,17.49,
44074.95,3,1,19,3,15,2,15.60,
44074.95,3,1,22,2,11,3,60.05,
44074.95,3,1,23,3,3,3,26.13,
44074.95,3,1,24,4,9,3,280.97,
44074.95,3,1,24,4,10,1,6.34,
44074.95,3,1,26,2,31,3,7.52,
44074.95,3,1,30,3,13,3,232.23,
44074.95,3,1,30,4,10,3,85.83,
44074.95,3,1,39,3,17,3,140.47,
44074.90,3,1,5,3,9,3,12.45,
44074.90,3,1,5,3,10,2,82.50,
44074.90,3,1,5,3,10,3,47.50,
44074.90,3,1,18,3,51,3,0.00,
44074.90,3,1,18,3,53,1,10.73,
44074.95,3,1,1,3,10,2,357.80,
44074.95,3,1,1,3,10,3,89.55,
44074.95,3,1,1,3,11,1,16.71,
44074.95,3,1,2,3,10,1,61.75,
44074.95,3,1,2,3,10,2,315.75,
44074.95,3,1,6,4,1,1,3.96,
44074.95,3,1,6,4,1,2,4.26,
44074.95,3,1,6,4,1,3,26.94,
44074.95,3,1,9,4,15,3,11.25,
44074.95,3,1,9,4,16,2,1.53,
44074.95,3,1,9,4,36,1,70.50,
44074.95,3,1,11,4,1,1,11.79,
44074.95,3,1,16,3,64,3,20.58,
44074.95,3,1,19,3,15,3,10.69,
44074.95,3,1,20,4,20,3,10.25,
44074.95,3,1,20,4,22,2,7.68,
44074.95,3,1,22,2,15,3,6.59,
44074.95,3,1,22,2,17,2,2.67,
44074.95,3,1,23,3,8,2,14.72,
44074.95,3,1,23,3,8,3,25.02,
44074.95,3,1,23,5,27,3,6.07,
44074.95,3,1,24,4,10,2,68.09,
44074.95,3,1,24,4,10,3,12.86,
44074.95,3,1,25,3,10,2,65.15,
44074.95,3,1,25,3,10,3,16.02,
44074.95,3,1,29,3,9,2,10.30,
44074.95,3,1,30,3,14,1,30.97,
44074.95,3,1,32,5,3,2,6.69,
44074.95,3,1,32,5,3,3,2.47,
44074.95,3,1,39,3,18,3,41.90,
44074.90,3,1,5,3,11,2,42.24,
44074.90,3,1,5,3,11,3,162.73,
44074.90,3,1,5,3,13,3,14.16,
44074.90,3,1,18,3,53,3,15.94,
44074.95,3,1,1,3,11,2,136.93,
44074.95,3,1,1,3,11,3,263.28,
44074.95,3,1,2,3,10,3,186.50,
44074.95,3,1,6,4,5,2,15.70,
44074.95,3,1,6,4,10,1,97.49,
44074.95,3,1,11,4,1,3,7.65,
44074.95,3,1,14,4,41,1,1.56,
44074.95,3,1,16,3,65,3,643.61,
44074.95,3,1,19,3,16,2,9.10,
44074.95,3,1,20,4,22,3,36.31,
44074.95,3,1,22,2,17,3,12.17,
44074.95,3,1,23,3,9,2,5.01,
44074.95,3,1,23,5,30,1,33.09,
44074.95,3,1,24,4,11,2,25.26,
44074.95,3,1,25,3,11,2,2.23,
44074.95,3,1,30,3,14,2,114.46,
44074.95,3,1,39,3,20,2,3.43,
44074.90,3,1,5,3,15,2,17.12,
44074.95,3,1,39,3,22,3,33.87,
44074.90,3,1,12,4,56,1,21.28,
44074.95,3,1,9,4,41,1,2.97,
44074.95,3,1,14,4,41,2,9.08,
44074.95,3,1,24,4,11,3,146.47,
44074.95,3,1,30,3,14,3,20.96,
44074.95,3,1,39,3,27,3,10.70,
44074.90,3,1,5,3,15,3,46.35,
44074.90,3,1,12,4,56,3,38.87,
44074.90,3,1,12,4,57,1,6.67,
44074.95,3,1,1,3,13,2,23.98,
44074.95,3,1,2,3,11,1,3.42,
44074.95,3,1,6,4,10,2,54.86,
44074.95,3,1,6,4,10,3,16.33,
44074.95,3,1,6,4,11,1,6.39,
44074.95,3,1,9,4,42,1,28.67,
44074.95,3,1,9,4,42,3,3.22,
44074.95,3,1,11,4,8,3,2.66,
44074.95,3,1,14,4,42,3,20.20,
44074.95,3,1,14,4,45,1,14.85,
44074.95,3,1,16,3,67,3,72.47,
44074.95,3,1,16,3,74,3,5187.03,
44074.95,3,1,19,3,16,3,4.34,
44074.95,3,1,19,3,17,2,49.24,
44074.95,3,1,20,4,25,3,10.95,
44074.95,3,1,20,4,27,2,2.78,
44074.95,3,1,22,2,18,3,12.88,
44074.95,3,1,22,2,22,2,7.12,
44074.95,3,1,23,3,9,3,26.04,
44074.95,3,1,23,3,10,1,29.70,
44074.95,3,1,23,4,34,3,4.21,
44074.95,3,1,23,5,30,2,214.67,
44074.95,3,1,23,5,30,3,2.71,
44074.95,3,1,24,4,13,3,7.28,
44074.95,3,1,24,4,16,2,2.17,
44074.95,3,1,25,3,11,3,36.52,
44074.95,3,1,25,3,16,2,17.62,
44074.95,3,1,26,2,42,3,20.88,
44074.95,3,1,26,2,43,3,4.25,
44074.95,3,1,26,3,20,2,208.96,
44074.95,3,1,26,4,1,2,12.52,
44074.95,3,1,26,4,30,2,3.29,
44074.95,3,1,29,3,9,3,63.79,
44074.95,3,1,30,3,15,1,37.13,
44074.95,3,1,30,4,11,1,2.85,
44074.95,3,1,32,5,9,2,3.02,
44074.95,3,1,34,4,10,3,30.97,
44074.95,3,1,35,3,11,2,3.05,
44074.95,3,1,39,3,74,3,4253.65,
44074.90,3,1,5,3,17,2,15.73,
44074.90,3,1,5,3,17,3,6.85,
44074.90,3,1,5,3,36,3,32.03,
44074.90,3,1,12,4,57,2,18.48,
44074.90,3,1,12,4,57,3,36.05,
44074.90,3,1,18,3,54,1,48.18,
44074.95,3,1,1,3,13,3,18.67,
44074.95,3,1,1,3,14,1,17.11,
44074.95,3,1,2,3,11,2,86.15,
44074.95,3,1,2,3,11,3,371.59,
44074.95,3,1,6,4,11,2,61.18,
44074.95,3,1,6,4,11,3,241.54,
44074.95,3,1,6,4,13,1,9.30,
44074.95,3,1,9,4,45,1,11.44,
44074.95,3,1,9,4,49,3,1.39,
44074.95,3,1,11,4,9,2,3.16,
44074.95,3,1,14,4,53,1,30.83,
44074.95,3,1,16,4,1,1,6.82,
44074.95,3,1,16,4,1,3,21.63,
44074.95,3,1,19,3,17,3,10.93,
44074.95,3,1,19,3,18,3,26.05,
44074.95,3,1,20,4,27,3,8.41,
44074.95,3,1,20,4,30,2,5.65,
44074.95,3,1,22,2,22,3,123.85,
44074.95,3,1,22,2,27,3,85.71,
44074.95,3,1,23,3,10,2,223.73,
44074.95,3,1,23,3,10,3,266.77,
44074.95,3,1,23,4,35,1,24.01,
44074.95,3,1,23,5,31,2,24.48,
44074.95,3,1,23,5,31,3,5.70,
44074.95,3,1,24,4,16,3,17.51,
44074.95,3,1,24,4,17,2,2.32,
44074.95,3,1,25,3,16,3,3.69,
44074.95,3,1,25,3,17,2,12.47,
44074.95,3,1,25,3,17,3,20.83,
44074.95,3,1,26,2,74,1,3774.09,
44074.95,3,1,26,3,1,1,361.16,
44074.95,3,1,26,3,20,3,4.02,
44074.95,3,1,26,3,22,2,54.47,
44074.95,3,1,26,4,1,3,3.16,
44074.95,3,1,26,4,3,2,1.63,
44074.95,3,1,26,4,42,1,6.45,
44074.95,3,1,26,4,74,1,9972.01,
44074.95,3,1,27,3,10,3,521.38,
44074.95,3,1,27,3,11,2,117.11,
44074.95,3,1,27,3,11,3,791.85,
44074.95,3,1,27,4,34,3,84.73,
44074.95,3,1,30,3,15,2,128.85,
44074.95,3,1,32,5,10,2,3.99,
44074.95,3,1,36,5,9,3,78.41,
44074.95,3,1,39,4,1,1,5.60,
44074.90,3,1,5,3,39,3,5.26,
44074.90,3,1,5,3,40,3,6.78,
44074.90,3,1,5,3,41,1,3.52,
44074.95,3,1,1,3,14,2,6.22,
44074.95,3,1,1,3,14,3,17.55,
44074.95,3,1,2,3,13,2,37.20,
44074.95,3,1,2,3,13,3,16.31,
44074.95,3,1,6,4,13,2,18.69,
44074.95,3,1,6,4,13,3,17.77,
44074.95,3,1,6,4,14,1,37.38,
44074.95,3,1,9,4,53,1,6.84,
44074.95,3,1,9,4,54,1,15.35,
44074.95,3,1,16,4,2,2,2.29,
44074.95,3,1,16,4,8,2,2.49,
44074.95,3,1,19,3,20,2,197.93,
44074.95,3,1,19,3,20,3,59.41,
44074.95,3,1,20,4,30,3,6.19,
44074.95,3,1,22,2,42,3,44.83,
44074.95,3,1,22,2,43,3,12.80,
44074.95,3,1,23,3,11,2,60.64,
44074.95,3,1,23,3,11,3,350.41,
44074.95,3,1,23,5,32,2,4.44,
44074.95,3,1,23,5,33,2,3.21,
44074.95,3,1,24,4,17,3,27.82,
44074.95,3,1,25,3,18,3,5.09,
44074.95,3,1,25,3,20,2,30.97,
44074.95,3,1,25,3,20,3,7.45,
44074.95,3,1,26,3,22,3,6.58,
44074.95,3,1,26,4,8,2,4.35,
44074.95,3,1,26,5,1,1,5.96,
44074.95,3,1,27,3,13,3,5.10,
44074.95,3,1,39,4,1,2,1.52,
44074.95,3,1,30,4,11,2,32.99,
44074.95,3,1,39,4,1,3,571.26,
44074.90,3,1,5,3,41,2,3.11,
44074.90,3,1,5,3,42,3,33.85,
44074.90,3,1,18,3,54,3,18.06,
44074.95,3,1,1,3,15,1,67.77,
44074.95,3,1,1,3,15,2,20.60,
44074.95,3,1,2,3,14,2,8.68,
44074.95,3,1,2,3,14,3,6.60,
44074.95,3,1,6,4,14,3,12.89,
44074.95,3,1,9,4,74,3,2961.84,
44074.95,3,1,11,4,9,3,9.09,
44074.95,3,1,16,4,8,3,3.19,
44074.95,3,1,19,3,22,2,73.65,
44074.95,3,1,19,3,22,3,149.11,
44074.95,3,1,20,4,31,2,4.09,
44074.95,3,1,23,3,13,3,2.46,
44074.95,3,1,23,5,33,3,5.73,
44074.95,3,1,23,5,34,2,31.56,
44074.95,3,1,24,4,18,3,3.56,
44074.95,3,1,25,3,22,2,19.12,
44074.95,3,1,26,3,1,2,18.83,
44074.95,3,1,39,4,3,2,5.00,
44074.90,3,1,5,3,43,3,2.82,
44074.90,3,1,5,3,46,3,2.38,
44074.90,3,1,5,3,53,3,22.64,
44074.90,3,1,12,4,60,3,14.23,
44074.90,3,1,18,3,56,1,0.57,
44074.90,3,1,18,3,56,3,1.21,
44074.95,3,1,1,3,15,3,103.68,
44074.95,3,1,1,3,16,2,19.26,
44074.95,3,1,2,3,15,1,140.54,
44074.95,3,1,2,3,15,2,4.23,
44074.95,3,1,6,4,15,1,185.97,
44074.95,3,1,6,4,15,2,55.06,
44074.95,3,1,6,4,17,2,34.07,
44074.95,3,1,9,5,74,3,87.14,
44074.95,3,1,16,4,9,2,3.20,
44074.95,3,1,16,4,9,3,6.04,
44074.95,3,1,19,3,23,3,4.52,
44074.95,3,1,19,3,25,3,22.11,
44074.95,3,1,20,4,32,2,2.04,
44074.95,3,1,22,2,60,3,1.94,
44074.95,3,1,23,3,15,3,7.66,
44074.95,3,1,24,4,20,2,17.09,
44074.95,3,1,25,3,22,3,32.22,
44074.95,3,1,25,3,26,2,4.18,
44074.95,3,1,26,3,1,3,689.11,
44074.95,3,1,26,3,3,2,16.24,
44074.95,3,1,39,4,3,3,10.07,
44074.90,3,1,5,3,54,3,8.72,
44074.90,3,1,5,3,56,3,6.14,
44074.90,3,1,5,3,74,2,2.34,
44074.90,3,1,12,4,61,3,26.59,
44074.90,3,1,18,3,57,1,7.86,
44074.90,3,1,18,3,57,2,1.58,
44074.95,3,1,1,3,16,3,3.18,
44074.95,3,1,1,3,17,2,227.01,
44074.95,3,1,2,3,16,2,2.68,
44074.95,3,1,2,3,17,2,30.55,
44074.95,3,1,6,4,17,3,2.90,
44074.95,3,1,6,4,36,1,212.13,
44074.95,3,1,6,4,36,3,11.29,
44074.95,3,1,10,2,4,3,2.03,
44074.95,3,1,16,4,10,1,29.40,
44074.95,3,1,16,4,10,2,239.99,
44074.95,3,1,19,3,26,2,62.34,
44074.95,3,1,19,3,26,3,9.18,
44074.95,3,1,23,3,16,2,4.84,
44074.95,3,1,25,3,27,2,1.76,
44074.95,3,1,26,3,3,3,33.22,
44074.95,3,1,26,3,8,1,6.00,
44074.95,3,1,39,4,8,2,22.20,
44074.90,3,1,5,3,74,3,1411.60,
44074.90,3,1,8,5,51,3,1.03,
44074.95,3,1,10,2,11,2,4.72,
44074.95,3,1,10,2,11,3,5.17,
44074.95,3,1,14,4,53,3,110.38,
44074.95,3,1,23,3,17,2,47.22,
44074.95,3,1,27,5,16,2,19.72,
44074.95,3,1,28,3,1,3,260.52,
44074.95,3,1,28,4,3,3,67.48,
44074.95,3,1,30,3,15,3,116.89,
44074.95,3,1,30,4,11,3,545.22,
44074.95,3,1,32,3,14,2,94.93,
44074.95,3,1,34,4,11,1,14.50,
44074.95,3,1,35,3,31,2,33.46,
44074.95,3,1,37,3,11,2,8.25,
44074.95,3,1,39,4,8,3,6.79,
44074.90,3,1,5,4,1,1,150.61,
44074.90,3,1,12,4,64,1,20.75,
44074.90,3,1,9,2,51,3,5.56,
44074.95,3,1,1,3,17,3,155.16,
44074.95,3,1,2,3,17,3,16.11,
44074.95,3,1,2,3,18,2,2.71,
44074.95,3,1,6,4,39,3,2.15,
44074.95,3,1,6,4,40,3,3.05,
44074.95,3,1,10,2,15,3,17.86,
44074.95,3,1,10,2,40,3,5.41,
44074.95,3,1,10,2,74,3,9.00,
44074.95,3,1,11,4,10,1,86.02,
44074.95,3,1,11,4,10,2,254.47,
44074.95,3,1,11,4,10,3,41.20,
44074.95,3,1,13,3,16,2,4.24,
44074.95,3,1,13,3,17,2,163.61,
44074.95,3,1,13,3,17,3,80.80,
44074.95,3,1,14,4,54,3,16.30,
44074.95,3,1,14,4,55,1,1.08,
44074.95,3,1,14,4,56,1,21.28,
44074.95,3,1,16,4,11,1,25.71,
44074.95,3,1,16,4,11,2,85.51,
44074.95,3,1,19,3,27,3,34.74,
44074.95,3,1,19,3,30,2,64.57,
44074.90,3,1,5,4,1,2,43.69,
44074.90,3,1,5,4,1,3,61.42,
44074.90,3,1,5,4,2,3,9.50,
44074.90,3,1,5,4,3,2,3.35,
44074.90,3,1,5,4,3,3,8.05,
44074.90,3,1,5,4,8,1,27.56,
44074.90,3,1,5,4,8,3,52.73,
44074.90,3,1,12,4,65,1,1.00,
44074.90,3,1,12,4,67,1,11.17,
44074.90,3,1,12,4,67,2,31.11,
44074.90,3,1,12,4,68,3,4.38,
44074.90,3,1,12,4,74,3,782.93,
44074.90,3,1,12,5,11,3,5.65,
44074.90,3,1,12,5,15,1,27.15,
44074.90,3,1,18,3,57,3,10.57,
44074.90,3,1,18,3,58,1,0.00,
44074.90,3,1,18,3,60,3,0.00,
44074.90,3,1,18,3,64,1,0.00,
44074.90,3,1,18,3,67,2,0.00,
44074.90,3,1,18,3,74,3,1691.00,
44074.95,3,1,1,3,18,3,27.29,
44074.95,3,1,1,3,20,2,16.04,
44074.95,3,1,1,3,20,3,42.01,
44074.95,3,1,1,3,22,2,11.73,
44074.95,3,1,1,3,22,3,9.99,
44074.95,3,1,1,3,26,2,13.64,
44074.95,3,1,1,3,26,3,10.76,
44074.95,3,1,2,3,18,3,3.68,
44074.95,3,1,2,3,22,3,2.78,
44074.95,3,1,2,3,36,1,36.59,
44074.95,3,1,2,3,36,3,4.61,
44074.95,3,1,2,3,40,3,2.12,
44074.95,3,1,2,3,41,1,9.05,
44074.95,3,1,6,4,41,1,11.41,
44074.95,3,1,6,4,42,3,4.70,
44074.95,3,1,6,4,43,3,1.42,
44074.95,3,1,10,3,1,2,1.37,
44074.95,3,1,10,3,10,1,1.63,
44074.95,3,1,10,3,10,2,68.90,
44074.95,3,1,10,3,10,3,30.71,
44074.95,3,1,10,3,11,2,12.88,
44074.95,3,1,10,3,11,3,69.64,
44074.95,3,1,10,3,14,1,47.27,
44074.95,3,1,11,4,11,2,131.74,
44074.95,3,1,13,3,18,3,18.83,
44074.95,3,1,14,4,56,3,38.87,
44074.95,3,1,14,4,57,1,6.67,
44074.95,3,1,14,4,57,2,18.48,
44074.95,3,1,14,4,57,3,36.05,
44074.95,3,1,14,4,60,3,14.23,
44074.95,3,1,27,5,16,3,11.58,
44074.95,3,1,28,3,3,3,2.24,
44074.95,3,1,39,4,9,2,147.47,
44074.95,3,1,39,4,9,3,335.82,
44074.95,3,1,39,4,10,1,52.71,
44074.95,3,1,20,4,32,3,1.28,
44074.95,3,1,20,4,34,2,4.26,
44074.95,3,1,22,2,74,3,2753.05,
44074.95,3,1,22,3,10,1,68.37,
44074.95,3,1,23,3,17,3,15.55,
44074.95,3,1,23,3,18,2,6.00,
44074.95,3,1,23,5,35,2,13.07,
44074.95,3,1,23,5,57,3,4.34,
44074.95,3,1,24,4,22,3,20.58,
44074.95,3,1,25,3,27,3,8.35,
44074.95,3,1,25,3,30,2,1.73,
44074.95,3,1,26,3,8,2,29.49,
44074.95,3,1,27,4,35,1,8.18,
44074.95,3,1,27,4,35,2,19.90,
44074.95,3,1,27,5,17,2,42.02,
44074.95,3,1,28,3,8,2,2.48,
44074.95,3,1,28,4,8,2,37.38,
44074.95,3,1,29,3,10,2,5.48,
44074.95,3,1,29,3,11,2,5.80,
44074.95,3,1,30,3,16,2,69.86,
44074.95,3,1,30,4,13,2,313.82,
44074.95,3,1,30,4,61,3,1.16,
44074.95,3,1,32,3,14,3,83.81,
44074.95,3,1,32,3,15,1,68.93,
44074.95,3,1,32,5,13,2,11.42,
44074.95,3,1,34,4,11,2,76.49,
44074.95,3,1,34,4,11,3,301.18,
44074.95,3,1,35,3,11,3,33.71,
44074.95,3,1,35,3,16,2,14.41,
44074.95,3,1,35,4,17,3,2.02,
44074.95,3,1,35,4,34,3,1532.88,
44074.95,3,1,39,4,10,2,84.96,
44074.90,3,1,5,4,9,2,25.68,
44074.90,3,1,5,4,9,3,21.48,
44074.90,3,1,5,4,10,1,39.42,
44074.95,3,1,1,3,27,2,3.08,
44074.95,3,1,2,3,42,3,25.16,
44074.95,3,1,6,4,45,1,55.17,
44074.95,3,1,6,4,46,2,5.35,
44074.95,3,1,6,4,53,1,57.35,
44074.95,3,1,10,3,15,1,58.69,
44074.95,3,1,10,3,17,2,13.97,
44074.95,3,1,10,3,17,3,4.78,
44074.95,3,1,11,4,11,3,264.01,
44074.95,3,1,11,4,13,2,3.00,
44074.95,3,1,13,3,20,2,12.31,
44074.95,3,1,13,3,20,3,3.76,
44074.95,3,1,13,3,22,3,39.51,
44074.95,3,1,14,4,61,3,26.59,
44074.95,3,1,14,4,64,1,20.75,
44074.95,3,1,16,4,11,3,101.28,
44074.95,3,1,16,4,13,1,3.72,
44074.95,3,1,19,3,30,3,13.07,
44074.95,3,1,19,3,31,3,8.08,
44074.95,3,1,20,4,34,3,2.37,
44074.95,3,1,22,3,10,2,537.65,
44074.95,3,1,22,3,10,3,148.23,
44074.95,3,1,23,3,18,3,9.72,
44074.95,3,1,23,3,20,2,59.24,
44074.95,3,1,23,5,74,2,1821.31,
44074.95,3,1,24,4,27,3,4.75,
44074.95,3,1,25,3,30,3,3.11,
44074.95,3,1,27,4,35,3,5.46,
44074.95,3,1,27,4,36,3,7.03,
44074.95,3,1,27,5,17,3,18.27,
44074.95,3,1,27,5,18,3,1.68,
44074.95,3,1,28,3,8,3,101.58,
44074.95,3,1,28,4,8,3,189.58,
44074.95,3,1,29,3,11,3,636.68,
44074.95,3,1,29,3,15,2,7.80,
44074.95,3,1,30,3,16,3,33.26,
44074.95,3,1,30,4,74,3,18092.43,
44074.95,3,1,32,3,15,2,22.88,
44074.95,3,1,32,5,37,3,7.32,
44074.95,3,1,34,4,13,2,25.47,
44074.95,3,1,35,3,16,3,1.67,
44074.95,3,1,35,4,35,1,140.22,
44074.95,3,1,39,4,10,3,171.47,
44074.95,3,1,10,3,18,2,2.57,
44074.95,3,1,11,4,13,3,4.05,
44074.95,3,1,13,3,26,2,11.43,
44074.95,3,1,14,4,65,1,1.00,
44074.95,3,1,16,4,13,3,42.93,
44074.95,3,1,16,4,14,1,3.46,
44074.95,3,1,28,4,9,2,453.23,
44074.95,3,1,39,4,11,2,4.00,
44074.90,3,1,12,5,15,3,6.14,
44074.95,3,1,39,4,11,3,107.04,
44074.90,3,1,5,4,10,2,56.38,
44074.90,3,1,5,4,10,3,25.55,
44074.90,3,1,5,4,11,1,11.03,
44074.90,3,1,18,4,1,1,34.48,
44074.90,3,1,18,4,1,2,3.66,
44074.95,3,1,1,3,27,3,5.38,
44074.95,3,1,1,3,30,2,7.13,
44074.95,3,1,2,3,43,3,3.82,
44074.95,3,1,2,3,45,1,1.63,
44074.95,3,1,6,4,53,3,34.16,
44074.95,3,1,10,3,22,3,2.62,
44074.95,3,1,10,3,36,1,31.46,
44074.95,3,1,11,4,14,1,10.60,
44074.95,3,1,11,4,14,2,2.26,
44074.95,3,1,14,4,67,1,11.17,
44074.95,3,1,14,4,67,2,31.11,
44074.95,3,1,19,3,41,1,3.39,
44074.95,3,1,22,3,11,1,15.02,
44074.95,3,1,27,5,20,2,21.69,
44074.95,3,1,28,3,9,2,29.28,
44074.95,3,1,28,4,9,3,639.76,
44074.95,3,1,30,3,17,2,294.98,
44074.95,3,1,39,4,15,3,7.50,
44074.90,3,1,5,4,11,2,20.88,
44074.90,3,1,5,4,11,3,123.42,
44074.90,3,1,5,4,13,2,11.02,
44074.90,3,1,18,4,1,3,2.50,
44074.90,3,1,18,4,3,3,2.08,
44074.95,3,1,1,3,36,1,121.05,
44074.95,3,1,1,3,36,3,85.56,
44074.95,3,1,2,3,53,1,13.26,
44074.95,3,1,2,3,53,3,4.52,
44074.95,3,1,6,4,54,1,77.14,
44074.95,3,1,6,4,56,1,42.89,
44074.95,3,1,10,3,41,1,2.42,
44074.95,3,1,10,3,42,3,13.42,
44074.95,3,1,11,4,14,3,30.05,
44074.95,3,1,11,4,15,1,120.38,
44074.95,3,1,11,4,15,2,11.00,
44074.95,3,1,13,3,30,2,2.12,
44074.95,3,1,14,4,68,3,4.38,
44074.95,3,1,14,4,74,3,782.93,
44074.95,3,1,16,4,14,2,4.11,
44074.95,3,1,16,4,15,1,88.61,
44074.95,3,1,19,3,42,3,54.01,
44074.95,3,1,19,3,54,3,1.71,
44074.95,3,1,20,4,42,3,13.60,
44074.95,3,1,20,4,74,3,3664.47,
44074.95,3,1,22,3,11,2,241.85,
44074.95,3,1,25,3,31,2,1.03,
44074.95,3,1,27,4,42,3,38.08,
44074.95,3,1,30,3,17,3,203.98,
44074.95,3,1,34,4,13,3,10.03,
44074.95,3,1,39,4,16,2,119.96,
44074.90,3,1,5,4,13,3,34.65,
44074.90,3,1,5,4,14,3,2.00,
44074.95,3,1,1,3,37,3,31.91,
44074.95,3,1,1,3,39,3,1264.58,
44074.95,3,1,2,3,54,1,9.20,
44074.95,3,1,6,4,56,3,3.68,
44074.95,3,1,11,4,15,3,103.14,
44074.95,3,1,22,3,11,3,470.57,
44074.95,3,1,39,4,16,3,36.50,
44074.90,3,1,12,5,16,2,2.37,
44074.90,3,1,8,2,51,3,13.43,
44074.95,3,1,10,3,43,3,7.05,
44074.95,3,1,10,3,45,1,10.55,
44074.95,3,1,11,4,16,2,87.21,
44074.95,3,1,13,3,36,1,7.05,
44074.95,3,1,14,5,11,3,5.65,
44074.95,3,1,23,3,22,2,44.01,
44074.95,3,1,27,4,54,3,4.09,
44074.95,3,1,27,5,20,3,5.49,
44074.95,3,1,28,3,9,3,92.67,
44074.95,3,1,28,4,10,1,10.10,
44074.95,3,1,30,4,13,3,610.98,
44074.95,3,1,39,4,17,2,38.61,
44074.90,3,1,5,4,15,1,29.12,
44074.90,3,1,5,4,15,2,18.65,
44074.90,3,1,12,5,17,3,3.74,
44074.90,3,1,12,5,36,1,3.94,
44074.90,3,1,18,4,8,1,14.90,
44074.95,3,1,1,3,40,3,1442.47,
44074.95,3,1,1,3,41,1,10.41,
44074.95,3,1,1,3,41,2,13.39,
44074.95,3,1,2,3,57,3,2.61,
44074.95,3,1,2,3,74,2,40.22,
44074.95,3,1,6,4,74,2,3867.33,
44074.95,3,1,6,4,74,3,4023.15,
44074.95,3,1,10,3,49,3,3.00,
44074.95,3,1,10,3,53,3,7.69,
44074.95,3,1,11,4,16,3,3.13,
44074.95,3,1,11,4,17,2,109.93,
44074.95,3,1,11,4,17,3,24.88,
44074.95,3,1,13,3,36,3,15.87,
44074.95,3,1,13,3,39,3,3.61,
44074.95,3,1,13,3,40,3,9.93,
44074.95,3,1,14,5,15,1,27.15,
44074.95,3,1,14,5,15,3,6.14,
44074.95,3,1,14,5,16,2,2.37,
44074.95,3,1,16,4,15,2,22.88,
44074.95,3,1,19,3,56,1,2.61,
44074.95,3,1,19,3,74,3,3394.59,
44074.95,3,1,20,5,1,1,13.12,
44074.95,3,1,23,3,22,3,26.53,
44074.95,3,1,27,4,65,3,12.04,
44074.95,3,1,27,4,74,3,17145.87,
44074.95,3,1,27,5,22,2,5.75,
44074.95,3,1,28,3,10,3,55.58,
44074.95,3,1,28,3,11,3,64.73,
44074.95,3,1,28,4,10,2,54.99,
44074.95,3,1,28,4,10,3,85.41,
44074.95,3,1,29,3,15,3,30.97,
44074.95,3,1,30,3,18,2,3.49,
44074.95,3,1,32,3,15,3,120.38,
44074.95,3,1,32,5,40,3,1.72,
44074.95,3,1,32,5,74,3,54.25,
44074.95,3,1,36,5,10,1,5.76,
44074.95,3,1,39,4,17,3,222.05,
44074.90,3,1,5,4,15,3,56.44,
44074.90,3,1,5,4,16,2,5.90,
44074.90,3,1,5,4,17,2,5.21,
44074.90,3,1,12,5,45,1,9.30,
44074.90,3,1,12,5,54,3,2.30,
44074.90,3,1,18,4,8,3,4.29,
44074.90,3,1,18,4,9,2,3.09,
44074.90,3,1,18,4,10,1,10.69,
44074.95,3,1,1,3,42,3,210.54,
44074.95,3,1,1,3,43,3,21.33,
44074.95,3,1,1,3,45,1,8.48,
44074.95,3,1,2,3,74,3,1501.71,
44074.95,3,1,2,4,1,1,72.11,
44074.95,3,1,6,5,10,1,5.63,
44074.95,3,1,6,5,13,2,4.01,
44074.95,3,1,6,5,14,1,30.04,
44074.95,3,1,10,3,54,3,3.49,
44074.95,3,1,10,3,56,1,18.95,
44074.95,3,1,10,3,57,3,6.22,
44074.95,3,1,11,4,18,2,10.65,
44074.95,3,1,11,4,18,3,19.21,
44074.95,3,1,11,4,20,2,25.26,
44074.95,3,1,13,3,41,1,5.81,
44074.95,3,1,13,3,41,2,23.42,
44074.95,3,1,13,3,42,3,167.34,
44074.95,3,1,14,5,17,3,3.74,
44074.95,3,1,14,5,36,1,3.94,
44074.95,3,1,16,4,15,3,58.65,
44074.95,3,1,19,4,8,2,2.99,
44074.95,3,1,19,4,8,3,4.06,
44074.95,3,1,20,5,1,2,7.08,
44074.95,3,1,27,5,1,1,14.57,
44074.95,3,1,27,5,1,2,22.44,
44074.95,3,1,27,5,22,3,22.74,
44074.95,3,1,28,3,13,3,14.42,
44074.95,3,1,28,3,16,2,1.61,
44074.95,3,1,28,4,11,3,101.16,
44074.95,3,1,28,4,16,2,23.93,
44074.95,3,1,30,3,18,3,59.93,
44074.95,3,1,39,4,18,3,10.94,
44074.90,3,1,5,4,18,3,8.78,
44074.90,3,1,18,4,10,2,48.03,
44074.90,3,1,18,4,10,3,4.57,
44074.95,3,1,2,4,1,3,45.18,
44074.95,3,1,6,5,15,1,8.57,
44074.95,3,1,11,4,22,3,2.98,
44074.95,3,1,27,5,26,2,4.73,
44074.95,3,1,28,4,16,3,33.23,
44074.95,3,1,39,4,20,2,30.28,
44074.90,3,1,12,5,56,1,7.50,
44074.95,3,1,6,5,36,1,45.14,
44074.95,3,1,10,3,74,3,32.68,
44074.95,3,1,23,3,26,2,34.88,
44074.95,3,1,24,4,30,2,15.21,
44074.95,3,1,28,3,17,2,3.16,
44074.95,3,1,30,3,20,2,75.02,
44074.95,3,1,39,4,20,3,12.92,
44074.90,3,1,5,4,36,1,34.24,
44074.90,3,1,12,5,61,3,1.00,
44074.90,3,1,18,4,11,1,41.66,
44074.95,3,1,1,3,53,1,2.82,
44074.95,3,1,2,4,10,1,78.64,
44074.95,3,1,2,4,10,2,101.69,
44074.95,3,1,6,5,45,1,2.06,
44074.95,3,1,6,5,54,1,40.81,
44074.95,3,1,6,5,74,2,557.67,
44074.95,3,1,10,4,1,3,2.94,
44074.95,3,1,10,4,10,1,16.84,
44074.95,3,1,11,4,30,2,11.69,
44074.95,3,1,14,5,45,1,9.30,
44074.95,3,1,14,5,54,3,2.30,
44074.95,3,1,14,5,56,1,7.50,
44074.95,3,1,16,4,16,2,55.65,
44074.95,3,1,16,4,17,2,107.26,
44074.95,3,1,19,4,9,2,7.08,
44074.95,3,1,19,4,10,1,19.23,
44074.95,3,1,20,5,1,3,10.65,
44074.95,3,1,20,5,8,2,1.75,
44074.95,3,1,22,3,15,2,12.10,
44074.95,3,1,22,3,15,3,14.63,
44074.95,3,1,23,3,27,2,6.95,
44074.95,3,1,23,3,27,3,30.15,
44074.95,3,1,23,4,16,2,78.45,
44074.95,3,1,23,4,41,1,4.60,
44074.95,3,1,23,5,74,3,5644.00,
44074.95,3,1,24,2,2,2,1.00,
44074.95,3,1,24,4,30,3,1.33,
44074.95,3,1,24,4,74,3,4812.89,
44074.95,3,1,25,3,31,3,9.87,
44074.95,3,1,25,3,42,3,15.46,
44074.95,3,1,26,3,8,3,25.15,
44074.95,3,1,29,3,74,3,2337.23,
44074.95,3,1,30,3,20,3,24.51,
44074.95,3,1,34,2,2,3,4.89,
44074.95,3,1,34,4,15,3,19.12,
44074.95,3,1,39,4,26,3,18.96,
44074.90,3,1,5,4,36,3,24.52,
44074.90,3,1,5,4,39,3,18.03,
44074.90,3,1,5,4,40,3,10.27,
44074.90,3,1,12,5,74,3,88.27,
44074.90,3,1,18,4,11,2,17.66,
44074.90,3,1,18,4,13,1,33.11,
44074.95,3,1,1,3,53,3,85.46,
44074.95,3,1,1,3,54,1,7.22,
44074.95,3,1,2,4,10,3,6.37,
44074.95,3,1,2,4,11,1,13.60,
44074.95,3,1,6,5,74,3,1061.52,
44074.95,3,1,7,2,74,3,69.83,
44074.95,3,1,7,3,2,3,4.61,
44074.95,3,1,10,4,10,2,12.84,
44074.95,3,1,10,4,10,3,3.92,
44074.95,3,1,10,4,11,1,5.07,
44074.95,3,1,11,4,36,1,102.37,
44074.95,3,1,11,4,36,3,27.76,
44074.95,3,1,14,5,61,3,1.00,
44074.95,3,1,16,4,17,3,5.43,
44074.95,3,1,16,4,18,3,5.65,
44074.95,3,1,19,4,10,2,24.28,
44074.95,3,1,19,4,10,3,3.92,
44074.95,3,1,20,5,8,3,8.74,
44074.95,3,1,22,3,16,2,43.88,
44074.95,3,1,22,3,16,3,3.35,
44074.95,3,1,23,3,31,3,12.92,
44074.95,3,1,23,3,36,3,7.23,
44074.95,3,1,23,4,74,2,2310.29,
44074.95,3,1,24,5,1,1,5.64,
44074.95,3,1,24,5,1,2,11.49,
44074.95,3,1,25,3,74,1,3449.93,
44074.95,3,1,25,4,1,1,14.15,
44074.95,3,1,26,3,9,2,61.11,
44074.95,3,1,26,3,26,2,78.59,
44074.95,3,1,26,3,27,2,14.72,
44074.95,3,1,26,5,74,1,112.91,
44074.95,3,1,27,2,2,3,3.18,
44074.95,3,1,30,3,22,2,36.34,
44074.95,3,1,34,2,10,3,8.68,
44074.95,3,1,34,2,11,3,17.60,
44074.95,3,1,39,4,27,3,6.71,
44074.90,3,1,5,4,41,1,7.29,
44074.90,3,1,5,4,41,2,2.59,
44074.90,3,1,5,4,42,3,13.97,
44074.95,3,1,1,3,54,3,36.53,
44074.95,3,1,1,3,56,1,8.51,
44074.95,3,1,2,4,11,3,36.68,
44074.95,3,1,2,4,14,1,30.86,
44074.95,3,1,7,3,10,2,39.05,
44074.95,3,1,10,4,11,2,7.44,
44074.95,3,1,10,4,11,3,7.48,
44074.95,3,1,19,4,11,1,18.14,
44074.95,3,1,19,4,11,2,24.61,
44074.95,3,1,23,3,42,3,30.43,
44074.95,3,1,24,5,1,3,215.52,
44074.95,3,1,25,4,1,3,3.42,
44074.95,3,1,39,4,30,1,37.17,
44074.95,3,1,10,4,13,2,2.00,
44074.95,3,1,20,5,9,2,5.26,
44074.95,3,1,23,3,74,2,282.92,
44074.95,3,1,23,3,74,3,2957.19,
44074.95,3,1,24,5,3,2,11.50,
44074.95,3,1,26,3,9,3,70.09,
44074.95,3,1,26,4,8,3,13.34,
44074.95,3,1,26,4,9,2,8.19,
44074.95,3,1,27,2,11,3,9.22,
44074.95,3,1,27,2,15,3,18.22,
44074.95,3,1,27,3,15,2,10.74,
44074.95,3,1,27,3,15,3,77.18,
44074.95,3,1,27,3,16,2,10.03,
44074.95,3,1,39,4,30,2,37.37,
44074.95,3,1,7,3,10,3,39.24,
44074.95,3,1,7,3,11,2,11.51,
44074.95,3,1,7,3,11,3,66.82,
44074.95,3,1,10,4,14,1,12.08,
44074.95,3,1,10,4,14,2,23.72,
44074.95,3,1,16,4,20,2,6.20,
44074.95,3,1,16,4,20,3,5.78,
44074.95,3,1,19,4,11,3,93.03,
44074.95,3,1,19,4,17,2,2.16,
44074.95,3,1,20,5,9,3,11.93,
44074.95,3,1,22,3,17,2,73.50,
44074.95,3,1,22,3,17,3,54.24,
44074.95,3,1,23,4,1,1,447.05,
44074.95,3,1,20,5,10,3,3.36,
44074.95,3,1,22,3,18,1,1.71,
44074.95,3,1,23,4,1,2,39.37,
44074.95,3,1,39,4,30,3,36.18,
44074.95,3,1,23,4,74,3,9470.73,
44074.95,3,1,39,4,31,3,3.33,
44074.90,3,1,5,4,43,1,1.00,
44074.90,3,1,18,2,2,3,6.00,
44074.90,3,1,18,4,14,1,30.78,
44074.95,3,1,1,3,56,3,4.27,
44074.95,3,1,2,4,15,1,99.81,
44074.95,3,1,7,3,15,3,22.49,
44074.95,3,1,7,3,17,2,11.74,
44074.95,3,1,10,4,15,1,2.79,
44074.95,3,1,10,4,15,2,4.11,
44074.95,3,1,19,4,18,3,8.24,
44074.95,3,1,20,5,11,2,4.80,
44074.95,3,1,23,4,1,3,1328.85,
44074.95,3,1,23,5,1,1,461.28,
44074.95,3,1,39,4,34,3,8.39,
44074.90,3,1,5,4,46,2,1.19,
44074.90,3,1,5,4,46,3,4.13,
44074.90,3,1,5,4,53,1,2.62,
44074.90,3,1,18,2,4,3,6.19,
44074.90,3,1,18,4,15,1,49.42,
44074.90,3,1,18,4,15,2,15.47,
44074.95,3,1,1,3,57,2,14.71,
44074.95,3,1,1,3,57,3,3.40,
44074.95,3,1,2,4,15,2,16.71,
44074.95,3,1,2,4,15,3,36.43,
44074.95,3,1,7,3,18,3,3.22,
44074.95,3,1,7,3,36,1,4.21,
44074.95,3,1,7,3,36,3,14.08,
44074.95,3,1,10,4,17,2,5.42,
44074.95,3,1,10,4,36,1,25.37,
44074.95,3,1,14,5,74,3,88.27,
44074.95,3,1,16,4,22,2,9.64,
44074.95,3,1,19,4,20,2,5.14,
44074.95,3,1,19,4,20,3,17.72,
44074.95,3,1,20,5,11,3,17.46,
44074.95,3,1,22,3,18,2,10.25,
44074.95,3,1,23,4,2,3,28.10,
44074.95,3,1,23,4,16,3,40.24,
44074.95,3,1,23,5,1,2,24.23,
44074.95,3,1,23,5,1,3,168.62,
44074.95,3,1,24,2,2,3,4.07,
44074.95,3,1,24,5,3,3,10.26,
44074.95,3,1,30,3,22,3,97.88,
44074.95,3,1,39,4,35,1,4.50,
44074.90,3,1,5,4,53,3,22.03,
44074.90,3,1,5,4,54,3,24.52,
44074.90,3,1,5,4,60,3,1.94,
44074.90,3,1,18,4,15,3,5.35,
44074.90,3,1,18,4,16,2,1.53,
44074.95,3,1,1,3,58,1,1.00,
44074.95,3,1,1,3,60,3,2.30,
44074.95,3,1,1,3,61,3,3.61,
44074.95,3,1,2,4,16,2,1.51,
44074.95,3,1,2,4,17,2,20.83,
44074.95,3,1,7,3,42,3,50.68,
44074.95,3,1,10,4,36,3,6.04,
44074.95,3,1,11,4,41,1,39.01,
44074.95,3,1,16,4,22,3,5.83,
44074.95,3,1,16,4,30,2,11.09,
44074.95,3,1,19,4,22,3,28.44,
44074.95,3,1,20,5,17,2,6.21,
44074.95,3,1,23,4,3,2,53.20,
44074.95,3,1,23,4,17,2,95.55,
44074.95,3,1,23,4,17,3,67.12,
44074.95,3,1,23,5,2,3,9.07,
44074.95,3,1,23,5,3,2,2.42,
44074.95,3,1,39,4,41,2,30.19,
44074.95,3,1,39,4,74,3,7327.23,
44074.95,3,1,1,3,64,1,8.52,
44074.95,3,1,2,4,17,3,13.45,
44074.95,3,1,7,3,43,3,22.27,
44074.95,3,1,10,4,41,1,1.16,
44074.95,3,1,10,4,41,2,2.59,
44074.95,3,1,19,4,25,3,14.99,
44074.95,3,1,20,5,17,3,2.43,
44074.95,3,1,23,4,3,3,68.47,
44074.95,3,1,30,3,26,2,93.73,
44074.95,3,1,39,5,1,1,15.04,
44074.90,3,1,5,4,74,3,1771.29,
44074.90,3,1,5,5,1,1,19.18,
44074.90,3,1,5,5,1,2,18.90,
44074.90,3,1,18,2,11,2,9.44,
44074.90,3,1,18,4,36,1,12.49,
44074.95,3,1,1,3,74,3,5216.79,
44074.95,3,1,1,4,1,1,8.55,
44074.95,3,1,2,4,36,1,39.98,
44074.95,3,1,2,4,45,1,7.85,
44074.95,3,1,7,3,45,1,2.82,
44074.95,3,1,7,3,53,3,19.04,
44074.95,3,1,10,4,42,3,9.78,
44074.95,3,1,16,2,2,3,1.03,
44074.95,3,1,16,4,36,1,57.12,
44074.95,3,1,16,4,36,3,20.00,
44074.95,3,1,19,4,30,2,6.39,
44074.95,3,1,20,5,22,3,5.39,
44074.95,3,1,30,3,26,3,15.09,
44074.95,3,1,39,5,1,3,200.83,
44074.90,3,1,5,5,1,3,8.25,
44074.90,3,1,5,5,3,2,1.01,
44074.90,3,1,5,5,3,3,1.20,
44074.90,3,1,18,2,11,3,6.72,
44074.90,3,1,18,4,41,1,1.36,
44074.90,3,1,18,4,42,1,17.03,
44074.95,3,1,1,4,1,3,1.52,
44074.95,3,1,1,4,9,3,20.64,
44074.95,3,1,2,4,54,1,31.55,
44074.95,3,1,2,4,54,3,3.98,
44074.95,3,1,10,4,45,1,6.28,
44074.95,3,1,19,4,42,3,3.28,
44074.95,3,1,30,3,27,3,33.15,
44074.95,3,1,39,5,3,2,17.21,
44074.90,3,1,18,2,14,3,5.03,
44074.95,3,1,39,5,8,3,13.48,
44074.90,3,1,5,5,8,2,4.70,
44074.95,3,1,1,4,10,1,30.56,
44074.95,3,1,2,4,74,2,45.95,
44074.95,3,1,7,3,56,3,14.22,
44074.95,3,1,7,3,57,3,4.69,
44074.95,3,1,10,4,48,3,19.09,
44074.95,3,1,11,4,41,2,5.30,
44074.95,3,1,16,2,11,2,9.78,
44074.95,3,1,19,4,54,1,2.76,
44074.95,3,1,19,4,54,3,8.61,
44074.95,3,1,20,5,27,3,5.09,
44074.95,3,1,22,3,18,3,44.62,
44074.95,3,1,23,4,8,1,11.46,
44074.95,3,1,24,5,8,2,34.99,
44074.95,3,1,39,5,9,2,50.82,
44074.90,3,1,5,5,8,3,3.31,
44074.90,3,1,5,5,9,3,8.68,
44074.90,3,1,5,5,10,2,4.99,
44074.90,3,1,18,4,42,3,1.91,
44074.90,3,1,18,4,45,1,2.18,
44074.95,3,1,1,4,10,2,137.87,
44074.95,3,1,1,4,10,3,22.27,
44074.95,3,1,2,4,74,3,1493.43,
44074.95,3,1,2,5,3,2,2.69,
44074.95,3,1,7,3,58,3,1.00,
44074.95,3,1,7,3,74,3,641.01,
44074.95,3,1,7,4,1,3,6.41,
44074.95,3,1,10,4,49,3,1.25,
44074.95,3,1,10,4,53,1,3.31,
44074.95,3,1,16,2,11,3,26.02,
44074.95,3,1,16,4,41,1,8.23,
44074.95,3,1,16,4,41,2,8.00,
44074.95,3,1,19,4,74,3,749.07,
44074.95,3,1,20,2,2,3,2.15,
44074.95,3,1,20,5,30,3,11.28,
44074.95,3,1,22,3,20,2,527.03,
44074.95,3,1,22,3,20,3,94.87,
44074.95,3,1,24,2,11,2,11.17,
44074.95,3,1,24,5,8,3,57.74,
44074.95,3,1,25,4,9,3,8.65,
44074.95,3,1,25,4,10,1,1.71,
44074.95,3,1,25,4,14,2,5.02,
44074.95,3,1,26,3,10,1,100.37,
44074.95,3,1,27,2,27,3,15.18,
44074.95,3,1,27,3,16,3,11.06,
44074.95,3,1,29,4,1,1,274.59,
44074.95,3,1,39,5,9,3,101.99,
44074.90,3,1,5,5,11,1,3.99,
44074.90,3,1,5,5,11,3,6.61,
44074.90,3,1,18,4,49,3,1.39,
44074.95,3,1,1,4,11,1,17.27,
44074.95,3,1,2,5,13,1,2.89,
44074.95,3,1,2,5,74,2,5.54,
44074.95,3,1,7,4,8,2,3.40,
44074.95,3,1,7,4,10,2,42.96,
44074.95,3,1,10,4,54,1,10.94,
44074.95,3,1,16,4,42,1,3.00,
44074.95,3,1,16,4,42,3,83.77,
44074.95,3,1,20,2,11,3,4.99,
44074.95,3,1,20,2,39,3,5.24,
44074.95,3,1,23,4,8,2,62.15,
44074.95,3,1,23,4,8,3,73.67,
44074.95,3,1,25,4,16,2,5.46,
44074.95,3,1,25,4,17,2,2.60,
44074.95,3,1,25,4,20,2,2.69,
44074.95,3,1,26,3,10,2,339.78,
44074.95,3,1,39,5,10,1,11.03,
44074.90,3,1,18,2,15,3,11.62,
44074.90,3,1,8,3,51,3,6.26,
44074.95,3,1,10,4,54,3,3.32,
44074.95,3,1,10,4,56,1,3.39,
44074.95,3,1,16,2,42,3,7.50,
44074.95,3,1,30,3,30,2,14.17,
44074.95,3,1,39,5,10,3,11.76,
44074.90,3,1,5,5,13,2,5.26,
44074.90,3,1,5,5,13,3,1.97,
44074.90,3,1,5,5,14,3,3.66,
44074.90,3,1,18,2,36,3,1.26,
44074.95,3,1,1,4,11,2,25.33,
44074.95,3,1,2,5,74,3,39.05,
44074.95,3,1,7,4,11,1,19.48,
44074.95,3,1,7,4,11,2,9.15,
44074.95,3,1,7,4,11,3,32.96,
44074.95,3,1,10,4,74,3,61.87,
44074.95,3,1,11,2,2,3,2.64,
44074.95,3,1,11,2,11,3,18.32,
44074.95,3,1,11,4,42,1,26.74,
44074.95,3,1,11,4,42,3,125.81,
44074.95,3,1,13,3,43,3,25.55,
44074.95,3,1,13,3,45,1,19.87,
44074.95,3,1,16,2,43,3,10.26,
44074.95,3,1,16,2,53,3,4.11,
44074.95,3,1,16,4,45,1,8.15,
44074.95,3,1,20,2,74,3,688.69,
44074.95,3,1,20,3,1,3,38.62,
44074.95,3,1,20,5,74,3,548.06,
44074.95,3,1,21,2,74,3,23.91,
44074.95,3,1,23,4,9,2,181.68,
44074.95,3,1,27,5,1,3,65.30,
44074.95,3,1,27,5,8,2,4.83,
44074.95,3,1,28,4,17,2,12.08,
44074.95,3,1,29,4,1,2,272.00,
44074.95,3,1,30,3,30,3,10.00,
44074.95,3,1,30,4,14,1,42.62,
44074.95,3,1,30,5,11,3,4.36,
44074.95,3,1,32,3,16,2,3.39,
44074.95,3,1,32,3,17,2,22.33,
44074.95,3,1,34,2,22,3,19.94,
44074.95,3,1,35,3,17,2,32.00,
44074.95,3,1,39,5,11,3,18.23,
44074.95,3,1,39,5,16,2,14.49,
44074.90,3,1,5,5,15,3,25.77,
44074.90,3,1,5,5,36,1,3.24,
44074.95,3,1,7,4,13,2,2.00,
44074.95,3,1,7,4,13,3,13.41,
44074.95,3,1,7,4,14,1,34.84,
44074.95,3,1,11,2,15,3,24.10,
44074.95,3,1,11,2,43,3,25.90,
44074.95,3,1,13,3,53,1,7.24,
44074.95,3,1,16,2,56,3,2.12,
44074.95,3,1,24,5,9,2,18.89,
44074.95,3,1,24,5,9,3,54.04,
44074.95,3,1,25,4,20,3,2.80,
44074.95,3,1,27,5,8,3,12.81,
44074.95,3,1,27,5,9,2,51.04,
44074.95,3,1,29,4,1,3,425.20,
44074.95,3,1,29,4,2,2,17.33,
44074.95,3,1,29,4,2,3,211.00,
44074.95,3,1,30,3,31,2,3.49,
44074.95,3,1,30,3,36,1,24.71,
44074.95,3,1,30,4,14,2,387.55,
44074.95,3,1,30,5,13,3,4.37,
44074.95,3,1,31,3,10,3,3.24,
44074.95,3,1,31,3,17,2,1.12,
44074.95,3,1,32,3,17,3,21.79,
44074.95,3,1,32,3,18,3,1.45,
44074.95,3,1,34,2,27,3,13.83,
44074.95,3,1,34,2,39,3,6.22,
44074.95,3,1,34,4,16,2,44.84,
44074.95,3,1,34,4,16,3,9.47,
44074.95,3,1,35,3,17,3,16.14,
44074.95,3,1,35,3,18,3,11.68,
44074.95,3,1,35,3,20,2,321.09,
44074.95,3,1,35,3,31,3,328.52,
44074.95,3,1,35,4,20,2,6.07,
44074.95,3,1,35,4,35,2,303.45,
44074.95,3,1,36,4,20,3,3.37,
44074.95,3,1,36,5,10,3,18.62,
44074.95,3,1,37,3,11,3,31.12,
44074.95,3,1,37,3,74,3,1677.68,
44074.95,3,1,39,5,16,3,34.86,
44074.90,3,1,5,5,42,3,4.49,
44074.90,3,1,5,5,74,3,435.30,
44074.95,3,1,1,4,11,3,167.82,
44074.95,3,1,4,2,2,3,4.00,
44074.95,3,1,4,2,4,3,1.29,
44074.95,3,1,7,4,15,1,86.87,
44074.95,3,1,7,4,15,2,81.14,
44074.95,3,1,7,4,16,2,10.74,
44074.95,3,1,11,2,48,3,2.25,
44074.95,3,1,11,2,53,3,4.44,
44074.95,3,1,11,4,43,3,1.13,
44074.95,3,1,11,4,45,1,25.04,
44074.95,3,1,13,3,53,3,304.38,
44074.95,3,1,13,3,54,3,13.92,
44074.95,3,1,13,3,56,1,4.96,
44074.95,3,1,16,2,64,3,37.21,
44074.95,3,1,16,2,70,3,1.00,
44074.95,3,1,16,2,74,3,1589.82,
44074.95,3,1,16,4,53,1,47.62,
44074.95,3,1,16,4,53,3,65.09,
44074.95,3,1,20,3,2,3,3.83,
44074.95,3,1,20,3,3,2,1.65,
44074.95,3,1,21,3,8,3,7.95,
44074.95,3,1,21,3,10,3,5.01,
44074.95,3,1,22,3,22,2,137.43,
44074.95,3,1,23,4,9,3,216.42,
44074.95,3,1,25,4,30,1,8.12,
44074.95,3,1,27,5,9,3,31.33,
44074.95,3,1,27,5,10,1,7.10,
44074.95,3,1,29,4,3,2,108.76,
44074.95,3,1,29,4,3,3,116.89,
44074.95,3,1,30,3,36,3,25.68,
44074.95,3,1,30,3,37,3,91.22,
44074.95,3,1,30,4,14,3,95.08,
44074.95,3,1,30,5,14,2,4.16,
44074.95,3,1,31,3,20,2,2.33,
44074.95,3,1,32,3,22,3,3.33,
44074.95,3,1,32,3,36,1,56.95,
44074.95,3,1,34,2,42,3,9.20,
44074.95,3,1,34,2,74,3,1078.65,
44074.95,3,1,34,3,10,3,279.71,
44074.95,3,1,34,4,17,2,33.22,
44074.95,3,1,34,4,17,3,15.23,
44074.95,3,1,35,3,20,3,52.66,
44074.95,3,1,35,3,22,2,257.92,
44074.95,3,1,35,4,20,3,9.03,
44074.95,3,1,35,4,35,3,716.18,
44074.95,3,1,35,5,30,1,1.07,
44074.95,3,1,36,4,22,3,8.54,
44074.95,3,1,36,5,11,2,3.05,
44074.95,3,1,37,4,1,1,16.08,
44074.95,3,1,39,5,17,2,17.56,
44074.95,3,1,7,4,17,2,12.95,
44074.95,3,1,11,2,57,3,7.27,
44074.95,3,1,16,3,2,2,2.50,
44074.95,3,1,16,3,3,3,4.20,
44074.95,3,1,16,4,54,1,85.22,
44074.95,3,1,32,3,36,3,32.94,
44074.95,3,1,32,3,37,3,25.38,
44074.95,3,1,34,3,1,3,43.22,
44074.95,3,1,34,3,2,3,4.14,
44074.95,3,1,34,4,18,3,9.98,
44074.95,3,1,35,3,22,3,222.28,
44074.95,3,1,35,4,74,3,37427.13,
44074.95,3,1,39,5,17,3,19.14,
44074.95,3,1,30,4,15,1,233.44,
44074.95,3,1,23,4,10,1,156.21,
44074.95,3,1,24,2,42,3,3.22,
44074.95,3,1,24,2,74,3,1700.88,
44074.95,3,1,24,5,10,2,5.76,
44074.95,3,1,24,5,11,2,3.05,
44074.95,3,1,25,4,36,1,2.69,
44074.95,3,1,25,4,74,1,1203.02,
44074.95,3,1,25,5,74,1,63.50,
44074.95,3,1,26,3,10,3,17.75,
44074.95,3,1,26,3,11,1,2.85,
44074.95,3,1,26,3,11,2,26.84,
44074.95,3,1,26,3,27,3,11.17,
44074.95,3,1,26,3,30,1,4.65,
44074.95,3,1,26,4,10,1,17.38,
44074.95,3,1,26,4,10,2,91.72,
44074.95,3,1,27,2,42,3,6.21,
44074.95,3,1,27,2,74,3,11735.21,
44074.95,3,1,27,3,1,3,28.44,
44074.95,3,1,27,3,17,2,171.21,
44074.95,3,1,27,3,17,3,357.54,
44074.95,3,1,27,3,18,2,5.28,
44074.95,3,1,29,4,8,1,3.00,
44074.95,3,1,39,5,22,2,9.13,
44074.95,3,1,7,4,36,1,80.26,
44074.95,3,1,7,4,41,1,9.76,
44074.95,3,1,11,2,65,3,4.92,
44074.95,3,1,16,4,54,3,64.76,
44074.95,3,1,20,3,8,3,21.99,
44074.95,3,1,20,3,9,2,12.01,
44074.95,3,1,22,3,22,3,348.52,
44074.95,3,1,22,3,23,3,3.55,
44074.95,3,1,23,4,10,2,795.63,
44074.95,3,1,24,3,1,2,4.00,
44074.95,3,1,26,2,1,3,12.49,
44074.95,3,1,26,2,2,3,23.00,
44074.95,3,1,26,2,8,2,1.72,
44074.95,3,1,26,3,11,3,40.78,
44074.95,3,1,26,3,13,2,2.11,
44074.95,3,1,26,3,30,2,62.63,
44074.95,3,1,26,3,41,1,18.53,
44074.95,3,1,26,4,13,3,6.03,
44074.95,3,1,26,4,15,2,4.11,
44074.95,3,1,26,4,16,2,24.43,
44074.95,3,1,27,3,2,2,1.93,
44074.95,3,1,27,3,2,3,9.75,
44074.95,3,1,27,3,8,3,49.56,
44074.95,3,1,27,3,18,3,64.38,
44074.95,3,1,27,3,20,2,72.76,
44074.95,3,1,27,3,20,3,66.47,
44074.95,3,1,39,5,22,3,2.55,
44074.95,3,1,26,2,8,3,4.33,
44074.95,3,1,26,2,9,2,24.29,
44074.95,3,1,26,3,42,3,5.29,
44074.90,3,1,12,2,74,3,342.87,
44074.95,3,1,1,4,13,1,2.78,
44074.95,3,1,1,4,13,2,10.46,
44074.95,3,1,4,2,11,3,12.31,
44074.95,3,1,7,4,41,2,8.02,
44074.95,3,1,11,2,74,3,1206.12,
44074.95,3,1,21,3,11,2,4.46,
44074.95,3,1,39,5,30,1,110.85,
44074.90,3,1,12,3,10,3,16.88,
44074.90,3,1,12,3,11,2,8.70,
44074.90,3,1,12,3,11,3,27.46,
44074.90,3,1,18,2,51,2,0.00,
44074.90,3,1,18,4,51,2,0.00,
44074.90,3,1,18,4,51,3,0.00,
44074.95,3,1,1,4,13,3,53.72,
44074.95,3,1,1,4,14,1,3.99,
44074.95,3,1,4,2,74,3,341.91,
44074.95,3,1,4,3,1,3,26.68,
44074.95,3,1,7,4,42,3,32.08,
44074.95,3,1,7,4,43,2,4.06,
44074.95,3,1,11,3,1,3,5.07,
44074.95,3,1,16,4,56,1,17.36,
44074.95,3,1,20,3,9,3,2.77,
44074.95,3,1,20,3,10,2,114.74,
44074.95,3,1,22,3,25,3,30.14,
44074.95,3,1,23,4,10,3,82.65,
44074.95,3,1,39,5,30,2,35.69,
44074.90,3,1,12,3,17,3,8.02,
44074.90,3,1,12,3,25,3,5.99,
44074.90,3,1,12,3,27,3,2.36,
44074.90,3,1,18,2,51,3,0.00,
44074.90,3,1,18,4,53,1,3.10,
44074.90,3,1,18,4,54,1,41.67,
44074.95,3,1,1,4,14,3,14.70,
44074.95,3,1,1,4,15,1,153.27,
44074.95,3,1,4,3,2,2,10.66,
44074.95,3,1,4,3,2,3,6.63,
44074.95,3,1,7,4,45,1,8.23,
44074.95,3,1,7,4,53,1,41.11,
44074.95,3,1,11,3,2,3,5.62,
44074.95,3,1,11,3,8,2,2.48,
44074.95,3,1,16,4,56,3,26.22,
44074.95,3,1,20,3,10,3,193.60,
44074.95,3,1,20,3,11,3,81.45,
44074.95,3,1,39,5,30,3,12.95,
