"ID","BasePeriodID","Age","FisheryID","TimeStep","EncounterRateAdjustment"
1,3,2,1,1,1.00
2,3,3,1,1,1.00
3,3,4,1,1,1.00
4,3,5,1,1,1.00
5,3,2,1,2,1.00
6,3,3,1,2,1.00
7,3,4,1,2,1.00
8,3,5,1,2,1.00
9,3,2,1,3,1.00
10,3,3,1,3,1.00
11,3,4,1,3,1.00
12,3,5,1,3,1.00
13,3,2,1,4,1.00
14,3,3,1,4,1.00
15,3,4,1,4,1.00
16,3,5,1,4,1.00
17,3,2,2,1,1.00
18,3,3,2,1,1.00
19,3,4,2,1,1.00
20,3,5,2,1,1.00
21,3,2,2,2,1.00
22,3,3,2,2,1.00
23,3,4,2,2,1.00
24,3,5,2,2,1.00
25,3,2,2,3,1.00
26,3,3,2,3,1.00
27,3,4,2,3,1.00
28,3,5,2,3,1.00
29,3,2,2,4,1.00
30,3,3,2,4,1.00
31,3,4,2,4,1.00
32,3,5,2,4,1.00
33,3,2,3,1,1.00
34,3,3,3,1,1.00
35,3,4,3,1,1.00
36,3,5,3,1,1.00
37,3,2,3,2,1.00
38,3,3,3,2,1.00
39,3,4,3,2,1.00
40,3,5,3,2,1.00
41,3,2,3,3,1.00
42,3,3,3,3,1.00
43,3,4,3,3,1.00
44,3,5,3,3,1.00
45,3,2,3,4,1.00
46,3,3,3,4,1.00
47,3,4,3,4,1.00
48,3,5,3,4,1.00
49,3,2,4,1,1.00
50,3,3,4,1,1.00
51,3,4,4,1,1.00
52,3,5,4,1,1.00
53,3,2,4,2,1.00
54,3,3,4,2,1.00
55,3,4,4,2,1.00
56,3,5,4,2,1.00
57,3,2,4,3,1.00
58,3,3,4,3,1.00
59,3,4,4,3,1.00
60,3,5,4,3,1.00
61,3,2,4,4,1.00
62,3,3,4,4,1.00
63,3,4,4,4,1.00
64,3,5,4,4,1.00
65,3,2,5,1,1.00
66,3,3,5,1,1.00
67,3,4,5,1,1.00
68,3,5,5,1,1.00
69,3,2,5,2,1.00
70,3,3,5,2,1.00
71,3,4,5,2,1.00
72,3,5,5,2,1.00
73,3,2,5,3,1.00
74,3,3,5,3,1.00
75,3,4,5,3,1.00
76,3,5,5,3,1.00
77,3,2,5,4,1.00
78,3,3,5,4,1.00
79,3,4,5,4,1.00
80,3,5,5,4,1.00
81,3,2,6,1,1.00
82,3,3,6,1,1.00
83,3,4,6,1,1.00
84,3,5,6,1,1.00
85,3,2,6,2,1.00
86,3,3,6,2,1.00
87,3,4,6,2,1.00
88,3,5,6,2,1.00
89,3,2,6,3,1.00
90,3,3,6,3,1.00
91,3,4,6,3,1.00
92,3,5,6,3,1.00
93,3,2,6,4,1.00
94,3,3,6,4,1.00
95,3,4,6,4,1.00
96,3,5,6,4,1.00
97,3,2,7,1,1.00
98,3,3,7,1,1.00
99,3,4,7,1,1.00
100,3,5,7,1,1.00
101,3,2,7,2,1.00
102,3,3,7,2,1.00
103,3,4,7,2,1.00
104,3,5,7,2,1.00
105,3,2,7,3,1.00
106,3,3,7,3,1.00
107,3,4,7,3,1.00
108,3,5,7,3,1.00
109,3,2,7,4,1.00
110,3,3,7,4,1.00
111,3,4,7,4,1.00
112,3,2,16,2,1.00
113,3,2,16,3,1.00
114,3,2,17,2,1.00
115,3,2,17,3,1.00
116,3,3,16,2,1.00
117,3,3,16,3,1.00
118,3,3,17,2,1.00
119,3,3,17,3,1.00
120,3,4,16,2,1.00
121,3,4,16,3,1.00
122,3,4,17,2,1.00
123,3,4,17,3,1.00
124,3,5,7,4,1.00
125,3,2,8,1,1.00
126,3,3,8,1,1.00
127,3,4,8,1,1.00
128,3,5,8,1,1.00
129,3,2,8,2,1.00
130,3,3,8,2,1.00
131,3,4,8,2,1.00
132,3,5,8,2,1.00
133,3,2,8,3,1.00
134,3,3,8,3,1.00
135,3,4,8,3,1.00
136,3,5,8,3,1.00
137,3,2,8,4,1.00
138,3,3,8,4,1.00
139,3,4,8,4,1.00
140,3,5,8,4,1.00
141,3,2,9,1,1.00
142,3,3,9,1,1.00
143,3,4,9,1,1.00
144,3,5,9,1,1.00
145,3,2,9,2,1.00
146,3,3,9,2,1.00
147,3,4,9,2,1.00
148,3,5,9,2,1.00
149,3,2,9,3,1.00
150,3,3,9,3,1.00
151,3,4,9,3,1.00
152,3,5,9,3,1.00
153,3,2,9,4,1.00
154,3,3,9,4,1.00
155,3,4,9,4,1.00
156,3,5,9,4,1.00
157,3,2,10,1,1.00
158,3,3,10,1,1.00
159,3,4,10,1,1.00
160,3,5,10,1,1.00
161,3,2,10,2,1.00
162,3,3,10,2,1.00
163,3,4,10,2,1.00
164,3,5,10,2,1.00
165,3,2,10,3,1.00
166,3,3,10,3,1.00
167,3,4,10,3,1.00
168,3,5,10,3,1.00
169,3,2,10,4,1.00
170,3,3,10,4,1.00
171,3,4,10,4,1.00
172,3,5,10,4,1.00
173,3,2,11,1,1.00
174,3,3,11,1,1.00
175,3,4,11,1,1.00
176,3,5,11,1,1.00
177,3,2,11,2,1.00
178,3,3,11,2,1.00
179,3,4,11,2,1.00
180,3,5,11,2,1.00
181,3,2,11,3,1.00
182,3,3,11,3,1.00
183,3,4,11,3,1.00
184,3,5,11,3,1.00
185,3,2,11,4,1.00
186,3,3,11,4,1.00
187,3,4,11,4,1.00
188,3,5,11,4,1.00
189,3,2,12,1,1.00
190,3,3,12,1,1.00
191,3,4,12,1,1.00
192,3,5,12,1,1.00
193,3,2,12,2,1.00
194,3,3,12,2,1.00
195,3,4,12,2,1.00
196,3,5,12,2,1.00
197,3,2,12,3,1.00
198,3,3,12,3,1.00
199,3,4,12,3,1.00
200,3,5,12,3,1.00
201,3,2,12,4,1.00
202,3,3,12,4,1.00
203,3,4,12,4,1.00
204,3,5,12,4,1.00
205,3,2,13,1,1.00
206,3,3,13,1,1.00
207,3,4,13,1,1.00
208,3,5,13,1,1.00
209,3,2,13,2,1.00
210,3,3,13,2,1.00
211,3,4,13,2,1.00
212,3,5,13,2,1.00
213,3,2,13,3,1.00
214,3,3,13,3,1.00
215,3,4,13,3,1.00
216,3,5,13,3,1.00
217,3,2,13,4,1.00
218,3,3,13,4,1.00
219,3,4,13,4,1.00
220,3,5,13,4,1.00
221,3,2,14,1,1.00
222,3,3,14,1,1.00
223,3,4,14,1,1.00
224,3,5,14,1,1.00
225,3,2,14,2,1.00
226,3,3,14,2,1.00
227,3,4,14,2,1.00
228,3,5,14,2,1.00
229,3,2,14,3,1.00
230,3,3,14,3,1.00
231,3,4,14,3,1.00
232,3,5,14,3,1.00
233,3,2,14,4,1.00
234,3,3,14,4,1.00
235,3,4,14,4,1.00
236,3,5,14,4,1.00
237,3,2,15,1,1.00
238,3,3,15,1,1.00
239,3,2,36,1,1.00
240,3,3,36,1,1.00
241,3,4,36,1,1.00
242,3,5,36,1,1.00
243,3,2,36,2,1.00
244,3,3,36,2,1.00
245,3,4,36,2,1.00
246,3,5,36,2,1.00
247,3,2,36,3,1.00
248,3,3,36,3,1.00
249,3,4,36,3,1.00
250,3,5,36,3,1.00
251,3,2,36,4,1.00
252,3,3,36,4,1.00
253,3,4,36,4,1.00
254,3,5,36,4,1.00
255,3,2,42,1,1.00
256,3,3,42,1,1.00
257,3,4,42,1,1.00
258,3,5,42,1,1.00
259,3,2,42,2,1.00
260,3,3,42,2,1.00
261,3,4,42,2,1.00
262,3,5,42,2,1.00
263,3,2,42,3,1.00
264,3,3,42,3,1.00
265,3,4,42,3,1.00
266,3,5,42,3,1.00
267,3,2,42,4,1.00
268,3,3,42,4,1.00
269,3,4,42,4,1.00
270,3,5,42,4,1.00
271,3,2,45,1,1.00
272,3,3,45,1,1.00
273,3,4,45,1,1.00
274,3,5,45,1,1.00
275,3,2,45,2,1.00
276,3,3,45,2,1.00
277,3,4,15,1,1.00
278,3,5,15,1,1.00
279,3,2,15,2,1.00
280,3,3,15,2,1.00
281,3,4,15,2,1.00
282,3,5,15,2,1.00
283,3,2,15,3,1.00
284,3,3,15,3,1.00
285,3,4,15,3,1.00
286,3,5,15,3,1.00
287,3,2,15,4,1.00
288,3,3,15,4,1.00
289,3,4,15,4,1.00
290,3,5,15,4,1.00
291,3,2,16,1,1.00
292,3,3,16,1,1.00
293,3,4,16,1,1.00
294,3,5,16,1,1.00
295,3,2,16,2,1.00
296,3,3,16,2,1.00
297,3,4,16,2,1.00
298,3,5,16,2,1.00
299,3,2,16,3,1.00
300,3,3,16,3,1.00
301,3,4,16,3,1.00
302,3,5,16,3,1.00
303,3,2,16,4,1.00
304,3,3,16,4,1.00
305,3,4,16,4,1.00
306,3,5,16,4,1.00
307,3,2,17,1,1.00
308,3,3,17,1,1.00
309,3,4,17,1,1.00
310,3,5,17,1,1.00
311,3,2,17,2,1.00
312,3,3,17,2,1.00
313,3,4,17,2,1.00
314,3,5,17,2,1.00
315,3,2,17,3,1.00
316,3,3,17,3,1.00
317,3,4,17,3,1.00
318,3,5,17,3,1.00
319,3,2,17,4,1.00
320,3,3,17,4,1.00
321,3,4,17,4,1.00
322,3,5,17,4,1.00
323,3,2,18,1,1.00
324,3,3,18,1,1.00
325,3,4,18,1,1.00
326,3,5,18,1,1.00
327,3,2,18,2,1.00
328,3,3,18,2,1.00
329,3,4,18,2,1.00
330,3,5,18,2,1.00
331,3,2,18,3,1.00
332,3,3,18,3,1.00
333,3,4,18,3,1.00
334,3,5,18,3,1.00
335,3,2,18,4,1.00
336,3,3,18,4,1.00
337,3,4,18,4,1.00
338,3,5,18,4,1.00
339,3,2,19,1,1.00
340,3,3,19,1,1.00
341,3,4,19,1,1.00
342,3,5,19,1,1.00
343,3,2,19,2,1.00
344,3,3,19,2,1.00
345,3,4,19,2,1.00
346,3,5,19,2,1.00
347,3,2,19,3,1.00
348,3,3,19,3,1.00
349,3,4,19,3,1.00
350,3,5,19,3,1.00
351,3,2,19,4,1.00
352,3,3,19,4,1.00
353,3,4,19,4,1.00
354,3,5,19,4,1.00
355,3,2,20,1,1.00
356,3,3,20,1,1.00
357,3,4,20,1,1.00
358,3,5,20,1,1.00
359,3,2,20,2,1.00
360,3,3,20,2,1.00
361,3,4,20,2,1.00
362,3,5,20,2,1.00
363,3,2,20,3,1.00
364,3,3,20,3,1.00
365,3,4,20,3,1.00
366,3,5,20,3,1.00
367,3,4,45,2,1.00
368,3,5,45,2,1.00
369,3,2,45,3,1.00
370,3,3,45,3,1.00
371,3,4,45,3,1.00
372,3,5,45,3,1.00
373,3,2,45,4,1.00
374,3,3,45,4,1.00
375,3,4,45,4,1.00
376,3,5,45,4,1.00
377,3,2,53,1,1.00
378,3,3,53,1,1.00
379,3,4,53,1,1.00
380,3,5,53,1,1.00
381,3,2,53,2,1.00
382,3,3,53,2,1.00
383,3,4,53,2,1.00
384,3,5,53,2,1.00
385,3,2,53,3,1.00
386,3,3,53,3,1.00
387,3,4,53,3,1.00
388,3,5,53,3,1.00
389,3,2,53,4,1.00
390,3,3,53,4,1.00
391,3,4,53,4,1.00
392,3,5,53,4,1.00
393,3,2,54,1,1.00
394,3,3,54,1,1.00
395,3,4,54,1,1.00
396,3,5,54,1,1.00
397,3,2,54,2,1.00
398,3,3,54,2,1.00
399,3,4,54,2,1.00
400,3,5,54,2,1.00
401,3,2,54,3,1.00
402,3,3,54,3,1.00
403,3,4,54,3,1.00
404,3,5,54,3,1.00
405,3,2,54,4,1.00
406,3,3,54,4,1.00
407,3,4,54,4,1.00
408,3,5,54,4,1.00
409,3,2,56,1,1.00
410,3,3,56,1,1.00
411,3,4,56,1,1.00
412,3,5,56,1,1.00
413,3,2,56,2,1.00
414,3,3,56,2,1.00
415,3,4,56,2,1.00
416,3,5,56,2,1.00
417,3,2,56,3,1.00
418,3,3,56,3,1.00
419,3,4,56,3,1.00
420,3,5,56,3,1.00
421,3,2,56,4,1.00
422,3,3,56,4,1.00
423,3,4,56,4,1.00
424,3,5,56,4,1.00
425,3,2,57,1,1.00
426,3,3,57,1,1.00
427,3,4,57,1,1.00
428,3,5,57,1,1.00
429,3,2,57,2,1.00
430,3,3,57,2,1.00
431,3,4,57,2,1.00
432,3,5,57,2,1.00
433,3,2,57,3,1.00
434,3,3,57,3,1.00
435,3,4,57,3,1.00
436,3,5,57,3,1.00
437,3,2,57,4,1.00
438,3,3,57,4,1.00
439,3,4,57,4,1.00
440,3,5,57,4,1.00
441,3,2,64,1,1.00
442,3,3,64,1,1.00
443,3,4,64,1,1.00
444,3,5,64,1,1.00
445,3,2,64,2,1.00
446,3,3,64,2,1.00
447,3,4,64,2,1.00
448,3,5,64,2,1.00
449,3,2,64,3,1.00
450,3,3,64,3,1.00
451,3,4,64,3,1.00
452,3,5,64,3,1.00
453,3,2,64,4,1.00
454,3,3,64,4,1.00
455,3,4,64,4,1.00
456,3,5,64,4,1.00
457,3,2,67,1,1.00
458,3,3,67,1,1.00
459,3,4,67,1,1.00
460,3,5,67,1,1.00
461,3,2,67,2,1.00
462,3,3,67,2,1.00
463,3,4,67,2,1.00
464,3,5,67,2,1.00
465,3,2,67,3,1.00
466,3,3,67,3,1.00
467,3,4,67,3,1.00
468,3,5,67,3,1.00
469,3,2,67,4,1.00
470,3,3,67,4,1.00
471,3,4,67,4,1.00
472,3,5,67,4,1.00
473,3,2,20,4,1.00
474,3,3,20,4,1.00
475,3,4,20,4,1.00
476,3,5,20,4,1.00
477,3,2,21,1,1.00
478,3,3,21,1,1.00
479,3,4,21,1,1.00
480,3,5,21,1,1.00
481,3,2,21,2,1.00
482,3,3,21,2,1.00
483,3,4,21,2,1.00
484,3,5,21,2,1.00
485,3,2,21,3,1.00
486,3,3,21,3,1.00
487,3,4,21,3,1.00
488,3,5,21,3,1.00
489,3,2,21,4,1.00
490,3,3,21,4,1.00
491,3,4,21,4,1.00
492,3,5,21,4,1.00
493,3,2,39,3,1.00
494,3,3,39,3,1.00
495,3,4,39,3,1.00
496,3,5,39,3,1.00
497,3,2,39,4,1.00
498,3,3,39,4,1.00
499,3,4,39,4,1.00
500,3,5,39,4,1.00
501,3,2,40,1,1.00
502,3,3,40,1,1.00
503,3,4,40,1,1.00
504,3,5,40,1,1.00
505,3,2,40,2,1.00
506,3,3,40,2,1.00
507,3,4,40,2,1.00
508,3,5,40,2,1.00
509,3,2,40,3,1.00
510,3,3,40,3,1.00
511,3,4,40,3,1.00
512,3,5,40,3,1.00
513,3,2,40,4,1.00
514,3,3,40,4,1.00
515,3,4,40,4,1.00
516,3,5,40,4,1.00
517,3,2,41,1,1.00
518,3,3,41,1,1.00
519,3,4,41,1,1.00
520,3,5,41,1,1.00
521,3,2,41,2,1.00
522,3,3,41,2,1.00
523,3,4,41,2,1.00
524,3,5,41,2,1.00
525,3,2,41,3,1.00
526,3,3,41,3,1.00
527,3,4,41,3,1.00
528,3,5,41,3,1.00
529,3,2,41,4,1.00
530,3,3,41,4,1.00
531,3,4,41,4,1.00
532,3,5,41,4,1.00
533,3,2,42,1,1.00
534,3,3,42,1,1.00
535,3,4,42,1,1.00
536,3,5,42,1,1.00
537,3,2,42,2,1.00
538,3,3,42,2,1.00
539,3,4,42,2,1.00
540,3,5,42,2,1.00
541,3,2,42,3,1.00
542,3,3,42,3,1.00
543,3,4,42,3,1.00
544,3,5,42,3,1.00
545,3,2,42,4,1.00
546,3,3,42,4,1.00
547,3,4,42,4,1.00
548,3,5,42,4,1.00
549,3,2,43,1,1.00
550,3,3,43,1,1.00
551,3,4,43,1,1.00
552,3,5,43,1,1.00
553,3,2,43,2,1.00
554,3,3,43,2,1.00
555,3,4,43,2,1.00
556,3,5,43,2,1.00
557,3,2,43,3,1.00
558,3,3,43,3,1.00
559,3,4,43,3,1.00
560,3,5,43,3,1.00
561,3,2,43,4,1.00
562,3,3,43,4,1.00
563,3,4,43,4,1.00
564,3,5,43,4,1.00
565,3,2,44,1,1.00
566,3,3,44,1,1.00
567,3,4,44,1,1.00
568,3,5,44,1,1.00
569,3,2,44,2,1.00
570,3,3,44,2,1.00
571,3,4,44,2,1.00
572,3,5,44,2,1.00
573,3,2,44,3,1.00
574,3,3,44,3,1.00
575,3,4,44,3,1.00
576,3,5,44,3,1.00
577,3,2,44,4,1.00
578,3,3,44,4,1.00
579,3,4,44,4,1.00
580,3,5,44,4,1.00
581,3,2,45,1,1.00
582,3,3,45,1,1.00
583,3,4,45,1,1.00
584,3,5,45,1,1.00
585,3,2,45,2,1.00
586,3,3,45,2,1.00
587,3,4,45,2,1.00
588,3,5,45,2,1.00
589,3,2,45,3,1.00
590,3,3,45,3,1.00
591,3,4,45,3,1.00
592,3,5,45,3,1.00
593,3,2,45,4,1.00
594,3,3,45,4,1.00
595,3,4,45,4,1.00
596,3,5,45,4,1.00
597,3,2,46,1,1.00
598,3,3,46,1,1.00
599,3,4,46,1,1.00
600,3,5,46,1,1.00
601,3,2,46,2,1.00
602,3,3,46,2,1.00
603,3,4,46,2,1.00
604,3,5,46,2,1.00
605,3,2,46,3,1.00
606,3,3,46,3,1.00
607,3,4,46,3,1.00
608,3,5,46,3,1.00
609,3,2,46,4,1.00
610,3,3,46,4,1.00
611,3,4,46,4,1.00
612,3,5,46,4,1.00
613,3,2,47,1,1.00
614,3,3,47,1,1.00
615,3,4,47,1,1.00
616,3,5,47,1,1.00
617,3,2,47,2,1.00
618,3,3,47,2,1.00
619,3,4,47,2,1.00
620,3,5,47,2,1.00
621,3,2,47,3,1.00
622,3,3,47,3,1.00
623,3,4,47,3,1.00
624,3,5,47,3,1.00
625,3,2,47,4,1.00
626,3,3,47,4,1.00
627,3,4,47,4,1.00
628,3,5,47,4,1.00
629,3,2,48,1,1.00
630,3,3,48,1,1.00
631,3,4,48,1,1.00
632,3,5,48,1,1.00
633,3,2,22,1,1.00
634,3,3,22,1,1.00
635,3,4,22,1,1.00
636,3,5,22,1,1.00
637,3,2,22,2,1.00
638,3,3,22,2,1.00
639,3,4,22,2,1.00
640,3,5,22,2,1.00
641,3,2,22,3,1.00
642,3,3,22,3,1.00
643,3,4,22,3,1.00
644,3,5,22,3,1.00
645,3,2,22,4,1.00
646,3,3,22,4,1.00
647,3,4,22,4,1.00
648,3,5,22,4,1.00
649,3,2,23,1,1.00
650,3,3,23,1,1.00
651,3,4,23,1,1.00
652,3,5,23,1,1.00
653,3,2,23,2,1.00
654,3,3,23,2,1.00
655,3,4,23,2,1.00
656,3,5,23,2,1.00
657,3,2,23,3,1.00
658,3,3,23,3,1.00
659,3,4,23,3,1.00
660,3,5,23,3,1.00
661,3,2,23,4,1.00
662,3,3,23,4,1.00
663,3,4,23,4,1.00
664,3,5,23,4,1.00
665,3,2,24,1,1.00
666,3,3,24,1,1.00
667,3,4,24,1,1.00
668,3,5,24,1,1.00
669,3,2,24,2,1.00
670,3,3,24,2,1.00
671,3,4,24,2,1.00
672,3,5,24,2,1.00
673,3,2,24,3,1.00
674,3,3,24,3,1.00
675,3,4,24,3,1.00
676,3,5,24,3,1.00
677,3,2,24,4,1.00
678,3,3,24,4,1.00
679,3,4,24,4,1.00
680,3,5,24,4,1.00
681,3,2,25,1,1.00
682,3,3,25,1,1.00
683,3,4,25,1,1.00
684,3,5,25,1,1.00
685,3,2,25,2,1.00
686,3,3,25,2,1.00
687,3,4,25,2,1.00
688,3,5,25,2,1.00
689,3,2,25,3,1.00
690,3,3,25,3,1.00
691,3,4,25,3,1.00
692,3,5,25,3,1.00
693,3,2,25,4,1.00
694,3,3,25,4,1.00
695,3,4,25,4,1.00
696,3,5,25,4,1.00
697,3,2,26,1,1.00
698,3,3,26,1,1.00
699,3,4,26,1,1.00
700,3,5,26,1,1.00
701,3,2,26,2,1.00
702,3,3,26,2,1.00
703,3,4,26,2,1.00
704,3,5,26,2,1.00
705,3,2,26,3,1.00
706,3,3,26,3,1.00
707,3,4,26,3,1.00
708,3,5,26,3,1.00
709,3,2,26,4,1.00
710,3,3,26,4,1.00
711,3,4,26,4,1.00
712,3,5,26,4,1.00
713,3,2,27,1,1.00
714,3,3,27,1,1.00
715,3,4,27,1,1.00
716,3,5,27,1,1.00
717,3,2,27,2,1.00
718,3,3,27,2,1.00
719,3,4,27,2,1.00
720,3,5,27,2,1.00
721,3,2,27,3,1.00
722,3,3,27,3,1.00
723,3,4,27,3,1.00
724,3,5,27,3,1.00
725,3,2,27,4,1.00
726,3,3,27,4,1.00
727,3,4,27,4,1.00
728,3,5,27,4,1.00
729,3,2,28,1,1.00
730,3,3,28,1,1.00
731,3,4,28,1,1.00
732,3,5,28,1,1.00
733,3,2,28,2,1.00
734,3,3,28,2,1.00
735,3,4,28,2,1.00
736,3,5,28,2,1.00
737,3,2,28,3,1.00
738,3,3,28,3,1.00
739,3,4,28,3,1.00
740,3,5,28,3,1.00
741,3,2,28,4,1.00
742,3,3,28,4,1.00
743,3,4,28,4,1.00
744,3,5,28,4,1.00
745,3,2,29,1,1.00
746,3,3,29,1,1.00
747,3,4,29,1,1.00
748,3,5,29,1,1.00
749,3,2,29,2,1.00
750,3,3,29,2,1.00
751,3,4,29,2,1.00
752,3,5,29,2,1.00
753,3,2,29,3,1.00
754,3,3,29,3,1.00
755,3,4,29,3,1.00
756,3,5,29,3,1.00
757,3,2,29,4,1.00
758,3,3,29,4,1.00
759,3,4,29,4,1.00
760,3,5,29,4,1.00
761,3,2,30,1,1.00
762,3,3,30,1,1.00
763,3,4,30,1,1.00
764,3,5,30,1,1.00
765,3,2,30,2,1.00
766,3,3,30,2,1.00
767,3,4,30,2,1.00
768,3,5,30,2,1.00
769,3,2,30,3,1.00
770,3,3,30,3,1.00
771,3,4,30,3,1.00
772,3,5,30,3,1.00
773,3,2,30,4,1.00
774,3,3,30,4,1.00
775,3,4,30,4,1.00
776,3,5,30,4,1.00
777,3,2,31,1,1.00
778,3,3,31,1,1.00
779,3,4,31,1,1.00
780,3,5,31,1,1.00
781,3,2,31,2,1.00
782,3,3,31,2,1.00
783,3,4,31,2,1.00
784,3,5,31,2,1.00
785,3,2,31,3,1.00
786,3,3,31,3,1.00
787,3,4,31,3,1.00
788,3,5,31,3,1.00
789,3,2,31,4,1.00
790,3,3,31,4,1.00
791,3,4,31,4,1.00
792,3,5,31,4,1.00
793,3,2,32,1,1.00
794,3,3,32,1,1.00
795,3,4,32,1,1.00
796,3,5,32,1,1.00
797,3,2,32,2,1.00
798,3,3,32,2,1.00
799,3,4,32,2,1.00
800,3,5,32,2,1.00
801,3,2,32,3,1.00
802,3,3,32,3,1.00
803,3,4,32,3,1.00
804,3,5,32,3,1.00
805,3,2,32,4,1.00
806,3,3,32,4,1.00
807,3,4,32,4,1.00
808,3,5,32,4,1.00
809,3,2,33,1,1.00
810,3,3,33,1,1.00
811,3,4,33,1,1.00
812,3,5,33,1,1.00
813,3,2,33,2,1.00
814,3,3,33,2,1.00
815,3,4,33,2,1.00
816,3,5,33,2,1.00
817,3,2,33,3,1.00
818,3,3,33,3,1.00
819,3,4,33,3,1.00
820,3,5,33,3,1.00
821,3,2,33,4,1.00
822,3,3,33,4,1.00
823,3,4,33,4,1.00
824,3,5,33,4,1.00
825,3,2,34,1,1.00
826,3,3,34,1,1.00
827,3,4,34,1,1.00
828,3,5,34,1,1.00
829,3,2,34,2,1.00
830,3,3,34,2,1.00
831,3,4,34,2,1.00
832,3,5,34,2,1.00
833,3,2,34,3,1.00
834,3,3,34,3,1.00
835,3,4,34,3,1.00
836,3,5,34,3,1.00
837,3,2,34,4,1.00
838,3,3,34,4,1.00
839,3,4,34,4,1.00
840,3,5,34,4,1.00
841,3,2,35,1,1.00
842,3,3,35,1,1.00
843,3,4,35,1,1.00
844,3,5,35,1,1.00
845,3,2,35,2,1.00
846,3,3,35,2,1.00
847,3,4,35,2,1.00
848,3,5,35,2,1.00
849,3,2,35,3,1.00
850,3,3,35,3,1.00
851,3,4,35,3,1.00
852,3,5,35,3,1.00
853,3,2,35,4,1.00
854,3,3,35,4,1.00
855,3,4,35,4,1.00
856,3,5,35,4,1.00
857,3,2,36,1,1.00
858,3,3,36,1,1.00
859,3,4,36,1,1.00
860,3,5,36,1,1.00
861,3,2,36,2,1.00
862,3,3,36,2,1.00
863,3,4,36,2,1.00
864,3,5,36,2,1.00
865,3,2,36,3,1.00
866,3,3,36,3,1.00
867,3,4,36,3,1.00
868,3,5,36,3,1.00
869,3,2,36,4,1.00
870,3,3,36,4,1.00
871,3,4,36,4,1.00
872,3,5,36,4,1.00
873,3,2,37,1,1.00
874,3,3,37,1,1.00
875,3,4,37,1,1.00
876,3,5,37,1,1.00
877,3,2,37,2,1.00
878,3,3,37,2,1.00
879,3,4,37,2,1.00
880,3,5,37,2,1.00
881,3,2,37,3,1.00
882,3,3,37,3,1.00
883,3,4,37,3,1.00
884,3,5,37,3,1.00
885,3,2,37,4,1.00
886,3,3,37,4,1.00
887,3,4,37,4,1.00
888,3,5,37,4,1.00
889,3,2,38,1,1.00
890,3,3,38,1,1.00
891,3,4,38,1,1.00
892,3,5,38,1,1.00
893,3,2,38,2,1.00
894,3,3,38,2,1.00
895,3,4,38,2,1.00
896,3,5,38,2,1.00
897,3,2,38,3,1.00
898,3,3,38,3,1.00
899,3,4,38,3,1.00
900,3,5,38,3,1.00
901,3,2,38,4,1.00
902,3,3,38,4,1.00
903,3,4,38,4,1.00
904,3,5,38,4,1.00
905,3,2,39,1,1.00
906,3,3,39,1,1.00
907,3,4,39,1,1.00
908,3,5,39,1,1.00
909,3,2,39,2,1.00
910,3,3,39,2,1.00
911,3,4,39,2,1.00
912,3,5,39,2,1.00
913,3,2,48,2,1.00
914,3,3,48,2,1.00
915,3,4,48,2,1.00
916,3,5,48,2,1.00
917,3,2,48,3,1.00
918,3,3,48,3,1.00
919,3,4,48,3,1.00
920,3,5,48,3,1.00
921,3,2,48,4,1.00
922,3,3,48,4,1.00
923,3,4,48,4,1.00
924,3,5,48,4,1.00
925,3,2,49,1,1.00
926,3,3,49,1,1.00
927,3,4,49,1,1.00
928,3,5,49,1,1.00
929,3,2,49,2,1.00
930,3,3,49,2,1.00
931,3,4,49,2,1.00
932,3,5,49,2,1.00
933,3,2,49,3,1.00
934,3,3,49,3,1.00
935,3,4,49,3,1.00
936,3,5,49,3,1.00
937,3,2,49,4,1.00
938,3,3,49,4,1.00
939,3,4,49,4,1.00
940,3,5,49,4,1.00
941,3,2,50,1,1.00
942,3,3,50,1,1.00
943,3,4,50,1,1.00
944,3,5,50,1,1.00
945,3,2,50,2,1.00
946,3,3,50,2,1.00
947,3,4,50,2,1.00
948,3,5,50,2,1.00
949,3,2,50,3,1.00
950,3,3,50,3,1.00
951,3,4,50,3,1.00
952,3,5,50,3,1.00
953,3,2,50,4,1.00
954,3,3,50,4,1.00
955,3,4,50,4,1.00
956,3,5,50,4,1.00
957,3,2,51,1,1.00
958,3,3,51,1,1.00
959,3,4,51,1,1.00
960,3,5,51,1,1.00
961,3,2,51,2,1.00
962,3,3,51,2,1.00
963,3,4,51,2,1.00
964,3,5,51,2,1.00
965,3,2,51,3,1.00
966,3,3,51,3,1.00
967,3,4,51,3,1.00
968,3,5,51,3,1.00
969,3,2,51,4,1.00
970,3,3,51,4,1.00
971,3,4,51,4,1.00
972,3,5,51,4,1.00
973,3,2,52,1,1.00
974,3,3,52,1,1.00
975,3,4,52,1,1.00
976,3,5,52,1,1.00
977,3,2,52,2,1.00
978,3,3,52,2,1.00
979,3,4,52,2,1.00
980,3,5,52,2,1.00
981,3,2,52,3,1.00
982,3,3,52,3,1.00
983,3,4,52,3,1.00
984,3,5,52,3,1.00
985,3,2,52,4,1.00
986,3,3,52,4,1.00
987,3,4,52,4,1.00
988,3,5,52,4,1.00
989,3,2,53,1,1.00
990,3,3,53,1,1.00
991,3,4,53,1,1.00
992,3,5,53,1,1.00
993,3,2,53,2,1.00
994,3,3,53,2,1.00
995,3,4,53,2,1.00
996,3,5,53,2,1.00
997,3,2,53,3,1.00
998,3,3,53,3,1.00
999,3,4,53,3,1.00
1000,3,5,53,3,1.00
1001,3,2,53,4,1.00
1002,3,3,53,4,1.00
1003,3,4,53,4,1.00
1004,3,5,53,4,1.00
1005,3,2,54,1,1.00
1006,3,3,54,1,1.00
1007,3,4,54,1,1.00
1008,3,5,54,1,1.00
1009,3,2,54,2,1.00
1010,3,3,54,2,1.00
1011,3,4,54,2,1.00
1012,3,5,54,2,1.00
1013,3,2,54,3,1.00
1014,3,3,54,3,1.00
1015,3,4,54,3,1.00
1016,3,5,54,3,1.00
1017,3,2,54,4,1.00
1018,3,3,54,4,1.00
1019,3,4,54,4,1.00
1020,3,5,54,4,1.00
1021,3,2,55,1,1.00
1022,3,3,55,1,1.00
1023,3,4,55,1,1.00
1024,3,5,55,1,1.00
1025,3,2,55,2,1.00
1026,3,3,55,2,1.00
1027,3,4,55,2,1.00
1028,3,5,55,2,1.00
1029,3,2,55,3,1.00
1030,3,3,55,3,1.00
1031,3,4,55,3,1.00
1032,3,5,55,3,1.00
1033,3,2,55,4,1.00
1034,3,3,55,4,1.00
1035,3,4,55,4,1.00
1036,3,5,55,4,1.00
1037,3,2,56,1,1.00
1038,3,3,56,1,1.00
1039,3,4,56,1,1.00
1040,3,5,56,1,1.00
1041,3,2,56,2,1.00
1042,3,3,56,2,1.00
1043,3,4,56,2,1.00
1044,3,5,56,2,1.00
1045,3,2,56,3,1.00
1046,3,3,56,3,1.00
1047,3,4,56,3,1.00
1048,3,5,56,3,1.00
1049,3,2,56,4,1.00
1050,3,3,56,4,1.00
1051,3,4,56,4,1.00
1052,3,5,56,4,1.00
1053,3,2,57,1,1.00
1054,3,3,57,1,1.00
1055,3,4,57,1,1.00
1056,3,5,57,1,1.00
1057,3,2,57,2,1.00
1058,3,3,57,2,1.00
1059,3,4,57,2,1.00
1060,3,5,57,2,1.00
1061,3,2,57,3,1.00
1062,3,3,57,3,1.00
1063,3,4,57,3,1.00
1064,3,5,57,3,1.00
1065,3,2,57,4,1.00
1066,3,3,57,4,1.00
1067,3,4,57,4,1.00
1068,3,5,57,4,1.00
1069,3,2,58,1,1.00
1070,3,3,58,1,1.00
1071,3,4,58,1,1.00
1072,3,5,58,1,1.00
1073,3,2,58,2,1.00
1074,3,3,58,2,1.00
1075,3,4,58,2,1.00
1076,3,5,58,2,1.00
1077,3,2,58,3,1.00
1078,3,3,58,3,1.00
1079,3,4,58,3,1.00
1080,3,5,58,3,1.00
1081,3,2,58,4,1.00
1082,3,3,58,4,1.00
1083,3,4,58,4,1.00
1084,3,5,58,4,1.00
1085,3,2,59,1,1.00
1086,3,3,59,1,1.00
1087,3,4,59,1,1.00
1088,3,5,59,1,1.00
1089,3,2,59,2,1.00
1090,3,3,59,2,1.00
1091,3,4,59,2,1.00
1092,3,5,59,2,1.00
1093,3,2,59,3,1.00
1094,3,3,59,3,1.00
1095,3,4,59,3,1.00
1096,3,5,59,3,1.00
1097,3,2,59,4,1.00
1098,3,3,59,4,1.00
1099,3,4,59,4,1.00
1100,3,5,59,4,1.00
1101,3,2,60,1,1.00
1102,3,3,60,1,1.00
1103,3,4,60,1,1.00
1104,3,5,60,1,1.00
1105,3,2,60,2,1.00
1106,3,3,60,2,1.00
1107,3,4,60,2,1.00
1108,3,5,60,2,1.00
1109,3,2,60,3,1.00
1110,3,3,60,3,1.00
1111,3,4,60,3,1.00
1112,3,5,60,3,1.00
1113,3,2,60,4,1.00
1114,3,3,60,4,1.00
1115,3,4,60,4,1.00
1116,3,5,60,4,1.00
1117,3,2,61,1,1.00
1118,3,3,61,1,1.00
1119,3,4,61,1,1.00
1120,3,5,61,1,1.00
1121,3,2,61,2,1.00
1122,3,3,61,2,1.00
1123,3,4,61,2,1.00
1124,3,5,61,2,1.00
1125,3,2,61,3,1.00
1126,3,3,61,3,1.00
1127,3,4,61,3,1.00
1128,3,5,61,3,1.00
1129,3,2,61,4,1.00
1130,3,3,61,4,1.00
1131,3,4,61,4,1.00
1132,3,5,61,4,1.00
1133,3,2,62,1,1.00
1134,3,3,62,1,1.00
1135,3,4,62,1,1.00
1136,3,5,62,1,1.00
1137,3,2,62,2,1.00
1138,3,3,62,2,1.00
1139,3,4,62,2,1.00
1140,3,5,62,2,1.00
1141,3,2,62,3,1.00
1142,3,3,62,3,1.00
1143,3,4,62,3,1.00
1144,3,5,62,3,1.00
1145,3,2,62,4,1.00
1146,3,3,62,4,1.00
1147,3,4,62,4,1.00
1148,3,5,62,4,1.00
1149,3,2,63,1,1.00
1150,3,3,63,1,1.00
1151,3,4,63,1,1.00
1152,3,5,63,1,1.00
1153,3,2,63,2,1.00
1154,3,3,63,2,1.00
1155,3,4,63,2,1.00
1156,3,5,63,2,1.00
1157,3,2,63,3,1.00
1158,3,3,63,3,1.00
1159,3,4,63,3,1.00
1160,3,5,63,3,1.00
1161,3,2,63,4,1.00
1162,3,3,63,4,1.00
1163,3,4,63,4,1.00
1164,3,5,63,4,1.00
1165,3,2,64,1,1.00
1166,3,3,64,1,1.00
1167,3,4,64,1,1.00
1168,3,5,64,1,1.00
1169,3,2,64,2,1.00
1170,3,3,64,2,1.00
1171,3,4,64,2,1.00
1172,3,5,64,2,1.00
1173,3,2,64,3,1.00
1174,3,3,64,3,1.00
1175,3,4,64,3,1.00
1176,3,5,64,3,1.00
1177,3,2,64,4,1.00
1178,3,3,64,4,1.00
1179,3,4,64,4,1.00
1180,3,5,64,4,1.00
1181,3,2,65,1,1.00
1182,3,3,65,1,1.00
1183,3,4,65,1,1.00
1184,3,5,65,1,1.00
1185,3,2,65,2,1.00
1186,3,3,65,2,1.00
1187,3,4,65,2,1.00
1188,3,5,65,2,1.00
1189,3,2,65,3,1.00
1190,3,3,65,3,1.00
1191,3,4,65,3,1.00
1192,3,5,65,3,1.00
1193,3,2,65,4,1.00
1194,3,3,65,4,1.00
1195,3,4,65,4,1.00
1196,3,5,65,4,1.00
1197,3,2,66,1,1.00
1198,3,3,66,1,1.00
1199,3,4,66,1,1.00
1200,3,5,66,1,1.00
1201,3,2,66,2,1.00
1202,3,3,66,2,1.00
1203,3,4,66,2,1.00
1204,3,5,66,2,1.00
1205,3,2,66,3,1.00
1206,3,3,66,3,1.00
1207,3,4,66,3,1.00
1208,3,5,66,3,1.00
1209,3,2,66,4,1.00
1210,3,3,66,4,1.00
1211,3,4,66,4,1.00
1212,3,5,66,4,1.00
1213,3,2,67,1,1.00
1214,3,3,67,1,1.00
1215,3,4,67,1,1.00
1216,3,5,67,1,1.00
1217,3,2,67,2,1.00
1218,3,3,67,2,1.00
1219,3,4,67,2,1.00
1220,3,5,67,2,1.00
1221,3,2,67,3,1.00
1222,3,3,67,3,1.00
1223,3,4,67,3,1.00
1224,3,5,67,3,1.00
1225,3,2,67,4,1.00
1226,3,3,67,4,1.00
1227,3,4,67,4,1.00
1228,3,5,67,4,1.00
1229,3,2,68,1,1.00
1230,3,3,68,1,1.00
1231,3,4,68,1,1.00
1232,3,5,68,1,1.00
1233,3,2,68,2,1.00
1234,3,3,68,2,1.00
1235,3,4,68,2,1.00
1236,3,5,68,2,1.00
1237,3,2,68,3,1.00
1238,3,3,68,3,1.00
1239,3,4,68,3,1.00
1240,3,5,68,3,1.00
1241,3,2,68,4,1.00
1242,3,3,68,4,1.00
1243,3,4,68,4,1.00
1244,3,5,68,4,1.00
1245,3,2,69,1,1.00
1246,3,3,69,1,1.00
1247,3,4,69,1,1.00
1248,3,5,69,1,1.00
1249,3,2,69,2,1.00
1250,3,3,69,2,1.00
1251,3,4,69,2,1.00
1252,3,5,69,2,1.00
1253,3,2,69,3,1.00
1254,3,3,69,3,1.00
1255,3,4,69,3,1.00
1256,3,5,69,3,1.00
1257,3,2,69,4,1.00
1258,3,3,69,4,1.00
1259,3,4,69,4,1.00
1260,3,5,69,4,1.00
1261,3,2,70,1,1.00
1262,3,3,70,1,1.00
1263,3,4,70,1,1.00
1264,3,5,70,1,1.00
1265,3,2,70,2,1.00
1266,3,3,70,2,1.00
1267,3,4,70,2,1.00
1268,3,5,70,2,1.00
1269,3,2,70,3,1.00
1270,3,3,70,3,1.00
1271,3,4,70,3,1.00
1272,3,5,70,3,1.00
1273,3,2,70,4,1.00
1274,3,3,70,4,1.00
1275,3,4,70,4,1.00
1276,3,5,70,4,1.00
1277,3,2,71,1,1.00
1278,3,3,71,1,1.00
1279,3,4,71,1,1.00
1280,3,5,71,1,1.00
1281,3,2,71,2,1.00
1282,3,3,71,2,1.00
1283,3,4,71,2,1.00
1284,3,5,71,2,1.00
1285,3,2,71,3,1.00
1286,3,3,71,3,1.00
1287,3,4,71,3,1.00
1288,3,5,71,3,1.00
1289,3,2,71,4,1.00
1290,3,3,71,4,1.00
1291,3,4,71,4,1.00
1292,3,5,71,4,1.00
1293,3,2,72,1,1.00
1294,3,3,72,1,1.00
1295,3,4,72,1,1.00
1296,3,5,72,1,1.00
1297,3,2,72,2,1.00
1298,3,3,72,2,1.00
1299,3,4,72,2,1.00
1300,3,5,72,2,1.00
1301,3,2,72,3,1.00
1302,3,3,72,3,1.00
1303,3,4,72,3,1.00
1304,3,5,72,3,1.00
1305,3,2,72,4,1.00
1306,3,3,72,4,1.00
1307,3,4,72,4,1.00
1308,3,5,72,4,1.00
1309,3,2,73,1,1.00
1310,3,3,73,1,1.00
1311,3,4,73,1,1.00
1312,3,5,73,1,1.00
1313,3,2,73,2,1.00
1314,3,3,73,2,1.00
1315,3,4,73,2,1.00
1316,3,5,73,2,1.00
1317,3,2,73,3,1.00
1318,3,3,73,3,1.00
1319,3,4,73,3,1.00
1320,3,5,73,3,1.00
1321,3,2,73,4,1.00
1322,3,3,73,4,1.00
1323,3,4,73,4,1.00
1324,3,5,73,4,1.00
