"ID","FishingYear","FishScalar","TimeStep","FisheryID","CalibrationID"
14893,1993,1.24,1,1,
14894,1993,0.33,2,1,
14895,1993,2.00,3,1,
14896,1993,0.00,1,2,
14897,1993,0.43,2,2,
14898,1993,0.94,3,2,
14899,1993,0.00,1,3,
14900,1993,0.82,2,3,
14901,1993,0.35,3,3,
14902,1993,0.00,1,4,
14903,1993,10.83,2,4,
14904,1993,27.83,3,4,
14905,1993,51.10,1,5,
14906,1993,1.50,2,5,
14907,1993,3.69,3,5,
14908,1993,0.00,1,6,
14909,1993,9.77,2,6,
14910,1993,83.62,3,6,
14911,1993,0.00,1,7,
14912,1993,0.00,2,7,
14913,1993,7.10,3,7,
14914,1993,0.45,1,8,
14915,1993,0.38,2,8,
14916,1993,0.32,3,8,
14917,1993,0.00,1,9,
14918,1993,0.00,2,9,
14919,1993,9.15,3,9,
14920,1993,0.35,1,10,
14921,1993,0.00,2,10,
14922,1993,14.97,3,10,
14923,1993,0.73,1,11,
14924,1993,2.12,2,11,
14925,1993,0.50,3,11,
14926,1993,849.83,1,12,
14927,1993,1298.38,2,12,
14928,1993,723.03,3,12,
14929,1993,1.65,1,13,
14930,1993,4.54,2,13,
14931,1993,0.58,3,13,
14932,1993,1.41,1,14,
14933,1993,2.86,2,14,
14934,1993,1.40,3,14,
14935,1993,1.39,1,15,
14936,1993,1.37,2,15,
14937,1993,0.19,3,15,
14938,1993,0.00,1,16,
14939,1993,2.53,2,16,
14940,1993,0.45,3,16,
14941,1993,5.88,1,17,
14942,1993,1.16,2,17,
14943,1993,0.93,3,17,
14944,1993,0.00,1,18,
14945,1993,0.40,2,18,
14946,1993,0.61,3,18,
14947,1993,0.00,1,19,
14948,1993,0.00,2,19,
14949,1993,0.00,3,19,
14950,1993,0.00,1,20,
14951,1993,1.94,2,20,
14952,1993,0.95,3,20,
14953,1993,0.00,1,21,
14954,1993,0.22,2,21,
14955,1993,3.48,3,21,
14956,1993,0.00,1,22,
14957,1993,0.00,2,22,
14958,1993,1.07,3,22,
14959,1993,0.00,1,23,
14960,1993,0.00,2,23,
14961,1993,1.44,3,23,
14962,1993,0.00,1,24,
14963,1993,0.00,2,24,
14964,1993,0.67,3,24,
14965,1993,0.00,1,25,
14966,1993,0.00,2,25,
14967,1993,2.28,3,25,
14968,1993,0.00,1,26,
14969,1993,0.09,2,26,
14970,1993,0.12,3,26,
14971,1993,0.00,1,27,
14972,1993,0.00,2,27,
14973,1993,1.01,3,27,
14974,1993,0.00,1,28,
14975,1993,0.00,2,28,
14976,1993,0.00,3,28,
14977,1993,0.00,1,29,
14978,1993,0.00,2,29,
14979,1993,0.00,3,29,
14980,1993,2.87,1,30,
14981,1993,4.21,2,30,
14982,1993,3.41,3,30,
14983,1993,0.00,1,31,
14984,1993,0.47,2,31,
14985,1993,0.18,3,31,
14986,1993,0.00,1,32,
14987,1993,0.00,2,32,
14988,1993,0.00,3,32,
14989,1993,0.00,1,33,
14990,1993,0.31,2,33,
14991,1993,0.58,3,33,
14992,1993,0.00,1,34,
14993,1993,3.14,2,34,
14994,1993,1.96,3,34,
14995,1993,0.90,1,35,
14996,1993,0.46,2,35,
14997,1993,1.06,3,35,
14998,1993,0.60,1,36,
14999,1993,743.88,2,36,
15000,1993,0.85,3,36,
15001,1993,0.00,1,37,
15002,1993,0.00,2,37,
15003,1993,2.12,3,37,
15004,1993,8.12,1,38,
15005,1993,0.00,2,38,
15006,1993,1.89,3,38,
15007,1993,3.30,1,39,
15008,1993,0.00,2,39,
15009,1993,1.00,3,39,
15010,1993,0.39,1,40,
15011,1993,0.00,2,40,
15012,1993,0.75,3,40,
15013,1993,112.47,1,41,
15014,1993,0.25,2,41,
15015,1993,0.80,3,41,
15016,1993,2.63,1,42,
15017,1993,2356.53,2,42,
15018,1993,2.31,3,42,
15019,1993,0.00,1,43,
15020,1993,0.00,2,43,
15021,1993,0.02,3,43,
15022,1993,67.20,1,44,
15023,1993,0.00,2,44,
15024,1993,3.01,3,44,
15025,1993,1.18,1,45,
15026,1993,874.02,2,45,
15027,1993,3118.00,3,45,
15028,1993,0.00,1,46,
15029,1993,0.00,2,46,
15030,1993,0.00,3,46,
15031,1993,12.54,1,47,
15032,1993,0.00,2,47,
15033,1993,0.40,3,47,
15034,1993,0.00,1,48,
15035,1993,0.00,2,48,
15036,1993,0.00,3,48,
15037,1993,0.00,1,49,
15038,1993,0.00,2,49,
15039,1993,0.00,3,49,
15040,1993,0.00,1,50,
15041,1993,0.00,2,50,
15042,1993,10.81,3,50,
15043,1993,0.79,1,51,
15044,1993,0.00,2,51,
15045,1993,0.00,3,51,
15046,1993,8.38,1,52,
15047,1993,0.00,2,52,
15048,1993,2.07,3,52,
15049,1993,4.02,1,53,
15050,1993,238.99,2,53,
15051,1993,2.42,3,53,
15052,1993,0.87,1,54,
15053,1993,1192.73,2,54,
15054,1993,3.40,3,54,
15055,1993,0.00,1,55,
15056,1993,0.00,2,55,
15057,1993,0.00,3,55,
15058,1993,3.15,1,56,
15059,1993,69.10,2,56,
15060,1993,2.05,3,56,
15061,1993,4.09,1,57,
15062,1993,0.84,2,57,
15063,1993,1.35,3,57,
15064,1993,104.41,1,58,
15065,1993,0.00,2,58,
15066,1993,185.30,3,58,
15067,1993,33.89,1,59,
15068,1993,0.00,2,59,
15069,1993,187.04,3,59,
15070,1993,0.00,1,60,
15071,1993,0.00,2,60,
15072,1993,0.00,3,60,
15073,1993,33.73,1,61,
15074,1993,0.00,2,61,
15075,1993,9.81,3,61,
15076,1993,0.00,1,62,
15077,1993,0.00,2,62,
15078,1993,0.00,3,62,
15079,1993,281.45,1,63,
15080,1993,0.00,2,63,
15081,1993,0.75,3,63,
15082,1993,0.95,1,64,
15083,1993,0.00,2,64,
15084,1993,1.11,3,64,
15085,1993,0.00,1,65,
15086,1993,0.00,2,65,
15087,1993,0.01,3,65,
15088,1993,0.00,1,66,
15089,1993,0.00,2,66,
15090,1993,1.64,3,66,
15091,1993,7.63,1,67,
15092,1993,2.75,2,67,
15093,1993,0.78,3,67,
15094,1993,0.00,1,68,
15095,1993,0.00,2,68,
15096,1993,0.00,3,68,
15097,1993,3.45,1,69,
15098,1993,0.00,2,69,
15099,1993,3.56,3,69,
15100,1993,0.00,1,70,
15101,1993,0.00,2,70,
15102,1993,0.00,3,70,
15103,1993,4.95,1,71,
15104,1993,0.00,2,71,
15105,1993,0.28,3,71,
15106,1993,0.00,1,72,
15107,1993,0.00,2,72,
15108,1993,0.00,3,72,
15109,1993,0.00,1,73,
15110,1993,0.00,2,73,
15111,1993,0.00,3,73,
15112,1994,1.29,1,1,
15113,1994,0.27,2,1,
15114,1994,1.50,3,1,
15115,1994,0.00,1,2,
15116,1994,0.61,2,2,
15117,1994,1.79,3,2,
15118,1994,0.00,1,3,
15119,1994,0.61,2,3,
15120,1994,0.62,3,3,
15121,1994,0.00,1,4,
15122,1994,34.70,2,4,
15123,1994,29.16,3,4,
15124,1994,14.98,1,5,
15125,1994,6.02,2,5,
15126,1994,0.44,3,5,
15127,1994,0.00,1,6,
15128,1994,0.90,2,6,
15129,1994,57.11,3,6,
15130,1994,0.00,1,7,
15131,1994,0.00,2,7,
15132,1994,31.36,3,7,
15133,1994,0.40,1,8,
15134,1994,0.42,2,8,
15135,1994,0.37,3,8,
15136,1994,0.00,1,9,
15137,1994,0.00,2,9,
15138,1994,8.33,3,9,
15139,1994,0.30,1,10,
15140,1994,0.00,2,10,
15141,1994,11.12,3,10,
15142,1994,1.17,1,11,
15143,1994,2.35,2,11,
15144,1994,0.62,3,11,
15145,1994,1182.19,1,12,
15146,1994,759.32,2,12,
15147,1994,319.79,3,12,
15148,1994,1.57,1,13,
15149,1994,2.59,2,13,
15150,1994,0.54,3,13,
15151,1994,1.23,1,14,
15152,1994,1.02,2,14,
15153,1994,0.80,3,14,
15154,1994,0.54,1,15,
15155,1994,1.63,2,15,
15156,1994,0.18,3,15,
15157,1994,0.00,1,16,
15158,1994,0.00,2,16,
15159,1994,0.00,3,16,
15160,1994,1.00,1,17,
15161,1994,0.45,2,17,
15162,1994,5.0e-04,3,17,
15163,1994,0.00,1,18,
15164,1994,0.00,2,18,
15165,1994,0.00,3,18,
15166,1994,0.00,1,19,
15167,1994,0.00,2,19,
15168,1994,0.00,3,19,
15169,1994,0.00,1,20,
15170,1994,0.00,2,20,
15171,1994,0.00,3,20,
15172,1994,0.00,1,21,
15173,1994,3.51,2,21,
15174,1994,6.9e-03,3,21,
15175,1994,0.00,1,22,
15176,1994,0.00,2,22,
15177,1994,0.00,3,22,
15178,1994,0.00,1,23,
15179,1994,0.00,2,23,
15180,1994,1.07,3,23,
15181,1994,0.00,1,24,
15182,1994,0.00,2,24,
15183,1994,0.72,3,24,
15184,1994,0.00,1,25,
15185,1994,0.00,2,25,
15186,1994,1.93,3,25,
15187,1994,0.00,1,26,
15188,1994,0.00,2,26,
15189,1994,0.00,3,26,
15190,1994,0.00,1,27,
15191,1994,0.00,2,27,
15192,1994,0.00,3,27,
15193,1994,0.00,1,28,
15194,1994,0.00,2,28,
15195,1994,0.00,3,28,
15196,1994,0.00,1,29,
15197,1994,0.00,2,29,
15198,1994,0.00,3,29,
15199,1994,0.66,1,30,
15200,1994,1.95,2,30,
15201,1994,0.10,3,30,
15202,1994,0.00,1,31,
15203,1994,0.73,2,31,
15204,1994,0.00,3,31,
15205,1994,0.00,1,32,
15206,1994,0.15,2,32,
15207,1994,0.50,3,32,
15208,1994,0.00,1,33,
15209,1994,1.93,2,33,
15210,1994,0.28,3,33,
15211,1994,0.00,1,34,
15212,1994,3.14,2,34,
15213,1994,2.33,3,34,
15214,1994,1.08,1,35,
15215,1994,1.58,2,35,
15216,1994,1.88,3,35,
15217,1994,0.74,1,36,
15218,1994,563.57,2,36,
15219,1994,0.91,3,36,
15220,1994,8.16,1,37,
15221,1994,0.00,2,37,
15222,1994,3.11,3,37,
15223,1994,3.19,1,38,
15224,1994,0.00,2,38,
15225,1994,1.68,3,38,
15226,1994,6.98,1,39,
15227,1994,0.00,2,39,
15228,1994,1.31,3,39,
15229,1994,3.77,1,40,
15230,1994,0.00,2,40,
15231,1994,0.87,3,40,
15232,1994,52.80,1,41,
15233,1994,0.00,2,41,
15234,1994,0.00,3,41,
15235,1994,2.43,1,42,
15236,1994,0.00,2,42,
15237,1994,0.00,3,42,
15238,1994,0.00,1,43,
15239,1994,0.00,2,43,
15240,1994,0.00,3,43,
15241,1994,70.98,1,44,
15242,1994,0.00,2,44,
15243,1994,19.18,3,44,
15244,1994,2.11,1,45,
15245,1994,0.00,2,45,
15246,1994,0.00,3,45,
15247,1994,0.00,1,46,
15248,1994,0.00,2,46,
15249,1994,0.00,3,46,
15250,1994,8.31,1,47,
15251,1994,0.00,2,47,
15252,1994,0.00,3,47,
15253,1994,0.00,1,48,
15254,1994,0.00,2,48,
15255,1994,2.44,3,48,
15256,1994,0.00,1,49,
15257,1994,0.00,2,49,
15258,1994,0.00,3,49,
15259,1994,0.00,1,50,
15260,1994,0.00,2,50,
15261,1994,0.00,3,50,
15262,1994,0.00,1,51,
15263,1994,0.00,2,51,
15264,1994,0.00,3,51,
15265,1994,30.77,1,52,
15266,1994,0.00,2,52,
15267,1994,2.36,3,52,
15268,1994,2.72,1,53,
15269,1994,249.48,2,53,
15270,1994,0.00,3,53,
15271,1994,1.83,1,54,
15272,1994,0.00,2,54,
15273,1994,1.9e-03,3,54,
15274,1994,0.08,1,55,
15275,1994,0.00,2,55,
15276,1994,0.00,3,55,
15277,1994,3.17,1,56,
15278,1994,101.61,2,56,
15279,1994,2.51,3,56,
15280,1994,7.62,1,57,
15281,1994,2.82,2,57,
15282,1994,2.24,3,57,
15283,1994,99.74,1,58,
15284,1994,0.00,2,58,
15285,1994,144.06,3,58,
15286,1994,5.70,1,59,
15287,1994,0.00,2,59,
15288,1994,56.15,3,59,
15289,1994,0.00,1,60,
15290,1994,0.00,2,60,
15291,1994,0.00,3,60,
15292,1994,10.90,1,61,
15293,1994,0.00,2,61,
15294,1994,12.08,3,61,
15295,1994,0.00,1,62,
15296,1994,0.00,2,62,
15297,1994,0.00,3,62,
15298,1994,419.82,1,63,
15299,1994,0.00,2,63,
15300,1994,1.74,3,63,
15301,1994,2.31,1,64,
15302,1994,0.00,2,64,
15303,1994,0.00,3,64,
15304,1994,0.00,1,65,
15305,1994,0.00,2,65,
15306,1994,0.00,3,65,
15307,1994,0.00,1,66,
15308,1994,0.00,2,66,
15309,1994,0.25,3,66,
15310,1994,7.41,1,67,
15311,1994,4.34,2,67,
15312,1994,2.11,3,67,
15313,1994,0.00,1,68,
15314,1994,0.00,2,68,
15315,1994,0.00,3,68,
15316,1994,0.92,1,69,
15317,1994,0.00,2,69,
15318,1994,2.84,3,69,
15319,1994,0.00,1,70,
15320,1994,0.00,2,70,
15321,1994,0.00,3,70,
15322,1994,5.64,1,71,
15323,1994,0.00,2,71,
15324,1994,0.68,3,71,
15325,1994,0.00,1,72,
15326,1994,0.00,2,72,
15327,1994,0.00,3,72,
15328,1994,0.00,1,73,
15329,1994,0.00,2,73,
15330,1994,0.00,3,73,
15331,1995,0.51,1,1,
15332,1995,0.61,2,1,
15333,1995,1.62,3,1,
15334,1995,0.00,1,2,
15335,1995,4.87,2,2,
15336,1995,1.31,3,2,
15337,1995,0.00,1,3,
15338,1995,0.97,2,3,
15339,1995,0.85,3,3,
15340,1995,0.00,1,4,
15341,1995,80.52,2,4,
15342,1995,22.36,3,4,
15343,1995,19.67,1,5,
15344,1995,0.00,2,5,
15345,1995,1.9e-03,3,5,
15346,1995,0.00,1,6,
15347,1995,6.94,2,6,
15348,1995,6.12,3,6,
15349,1995,0.00,1,7,
15350,1995,0.00,2,7,
15351,1995,2.62,3,7,
15352,1995,0.46,1,8,
15353,1995,0.44,2,8,
15354,1995,0.37,3,8,
15355,1995,0.00,1,9,
15356,1995,4.0e-03,2,9,
15357,1995,4.03,3,9,
15358,1995,0.00,1,10,
15359,1995,0.01,2,10,
15360,1995,5.20,3,10,
15361,1995,0.61,1,11,
15362,1995,0.15,2,11,
15363,1995,0.40,3,11,
15364,1995,445.65,1,12,
15365,1995,9.05,2,12,
15366,1995,4.40,3,12,
15367,1995,1.38,1,13,
15368,1995,1.81,2,13,
15369,1995,0.85,3,13,
15370,1995,0.63,1,14,
15371,1995,1.59,2,14,
15372,1995,0.98,3,14,
15373,1995,0.52,1,15,
15374,1995,1.68,2,15,
15375,1995,0.33,3,15,
15376,1995,0.00,1,16,
15377,1995,0.00,2,16,
15378,1995,7.0e-04,3,16,
15379,1995,0.66,1,17,
15380,1995,0.06,2,17,
15381,1995,0.63,3,17,
15382,1995,0.00,1,18,
15383,1995,0.00,2,18,
15384,1995,0.05,3,18,
15385,1995,0.00,1,19,
15386,1995,0.00,2,19,
15387,1995,0.00,3,19,
15388,1995,0.00,1,20,
15389,1995,0.00,2,20,
15390,1995,0.00,3,20,
15391,1995,0.00,1,21,
15392,1995,0.00,2,21,
15393,1995,3.89,3,21,
15394,1995,0.00,1,22,
15395,1995,0.00,2,22,
15396,1995,0.01,3,22,
15397,1995,0.00,1,23,
15398,1995,0.00,2,23,
15399,1995,1.74,3,23,
15400,1995,0.00,1,24,
15401,1995,0.00,2,24,
15402,1995,0.77,3,24,
15403,1995,0.00,1,25,
15404,1995,0.00,2,25,
15405,1995,1.92,3,25,
15406,1995,0.00,1,26,
15407,1995,0.00,2,26,
15408,1995,0.00,3,26,
15409,1995,0.00,1,27,
15410,1995,0.00,2,27,
15411,1995,0.09,3,27,
15412,1995,0.00,1,28,
15413,1995,0.00,2,28,
15414,1995,0.00,3,28,
15415,1995,0.00,1,29,
15416,1995,0.00,2,29,
15417,1995,0.00,3,29,
15418,1995,0.51,1,30,
15419,1995,3.26,2,30,
15420,1995,6.40,3,30,
15421,1995,1.73,1,31,
15422,1995,0.52,2,31,
15423,1995,0.01,3,31,
15424,1995,0.00,1,32,
15425,1995,0.13,2,32,
15426,1995,0.52,3,32,
15427,1995,0.00,1,33,
15428,1995,0.66,2,33,
15429,1995,0.36,3,33,
15430,1995,0.00,1,34,
15431,1995,3.72,2,34,
15432,1995,1.74,3,34,
15433,1995,1.24,1,35,
15434,1995,1.45,2,35,
15435,1995,1.37,3,35,
15436,1995,0.90,1,36,
15437,1995,824.52,2,36,
15438,1995,0.97,3,36,
15439,1995,1.42,1,37,
15440,1995,0.00,2,37,
15441,1995,1.11,3,37,
15442,1995,0.25,1,38,
15443,1995,0.00,2,38,
15444,1995,1.43,3,38,
15445,1995,5.28,1,39,
15446,1995,0.00,2,39,
15447,1995,0.55,3,39,
15448,1995,2.36,1,40,
15449,1995,0.00,2,40,
15450,1995,0.75,3,40,
15451,1995,19.67,1,41,
15452,1995,2.25,2,41,
15453,1995,8.46,3,41,
15454,1995,2.02,1,42,
15455,1995,723.01,2,42,
15456,1995,0.00,3,42,
15457,1995,0.00,1,43,
15458,1995,0.00,2,43,
15459,1995,0.00,3,43,
15460,1995,294.40,1,44,
15461,1995,0.00,2,44,
15462,1995,9.20,3,44,
15463,1995,2.29,1,45,
15464,1995,0.00,2,45,
15465,1995,0.00,3,45,
15466,1995,0.00,1,46,
15467,1995,0.00,2,46,
15468,1995,0.42,3,46,
15469,1995,0.00,1,47,
15470,1995,0.00,2,47,
15471,1995,1.16,3,47,
15472,1995,0.00,1,48,
15473,1995,0.00,2,48,
15474,1995,3.18,3,48,
15475,1995,0.00,1,49,
15476,1995,0.00,2,49,
15477,1995,0.00,3,49,
15478,1995,0.00,1,50,
15479,1995,0.00,2,50,
15480,1995,7.50,3,50,
15481,1995,0.00,1,51,
15482,1995,0.00,2,51,
15483,1995,0.00,3,51,
15484,1995,2.78,1,52,
15485,1995,0.00,2,52,
15486,1995,1.67,3,52,
15487,1995,4.15,1,53,
15488,1995,229.90,2,53,
15489,1995,0.34,3,53,
15490,1995,2.33,1,54,
15491,1995,220.39,2,54,
15492,1995,0.03,3,54,
15493,1995,0.00,1,55,
15494,1995,0.00,2,55,
15495,1995,0.00,3,55,
15496,1995,5.25,1,56,
15497,1995,87.38,2,56,
15498,1995,2.22,3,56,
15499,1995,9.37,1,57,
15500,1995,2.90,2,57,
15501,1995,1.93,3,57,
15502,1995,35.96,1,58,
15503,1995,0.00,2,58,
15504,1995,50.91,3,58,
15505,1995,8.43,1,59,
15506,1995,0.00,2,59,
15507,1995,70.40,3,59,
15508,1995,0.00,1,60,
15509,1995,0.00,2,60,
15510,1995,0.00,3,60,
15511,1995,4.34,1,61,
15512,1995,0.00,2,61,
15513,1995,6.47,3,61,
15514,1995,0.00,1,62,
15515,1995,0.00,2,62,
15516,1995,0.00,3,62,
15517,1995,407.68,1,63,
15518,1995,0.00,2,63,
15519,1995,1.84,3,63,
15520,1995,2.58,1,64,
15521,1995,44.07,2,64,
15522,1995,0.00,3,64,
15523,1995,0.00,1,65,
15524,1995,0.00,2,65,
15525,1995,0.00,3,65,
15526,1995,0.00,1,66,
15527,1995,0.00,2,66,
15528,1995,0.00,3,66,
15529,1995,17.37,1,67,
15530,1995,1.94,2,67,
15531,1995,1.88,3,67,
15532,1995,0.00,1,68,
15533,1995,0.00,2,68,
15534,1995,0.00,3,68,
15535,1995,10.68,1,69,
15536,1995,0.00,2,69,
15537,1995,1.47,3,69,
15538,1995,0.00,1,70,
15539,1995,0.00,2,70,
15540,1995,0.00,3,70,
15541,1995,1.75,1,71,
15542,1995,0.00,2,71,
15543,1995,0.31,3,71,
15544,1995,0.00,1,72,
15545,1995,0.00,2,72,
15546,1995,0.00,3,72,
15547,1995,0.00,1,73,
15548,1995,0.00,2,73,
15549,1995,0.00,3,73,
15550,1996,0.41,1,1,
15551,1996,1.33,2,1,
15552,1996,1.51,3,1,
15553,1996,0.00,1,2,
15554,1996,2.00,2,2,
15555,1996,0.51,3,2,
15556,1996,0.00,1,3,
15557,1996,1.10,2,3,
15558,1996,1.12,3,3,
15559,1996,0.00,1,4,
15560,1996,27.85,2,4,
15561,1996,20.11,3,4,
15562,1996,1.05,1,5,
15563,1996,0.00,2,5,
15564,1996,7.0e-04,3,5,
15565,1996,0.00,1,6,
15566,1996,7.07,2,6,
15567,1996,2.78,3,6,
15568,1996,0.00,1,7,
15569,1996,0.00,2,7,
15570,1996,2.77,3,7,
15571,1996,0.34,1,8,
15572,1996,0.13,2,8,
15573,1996,0.12,3,8,
15574,1996,0.00,1,9,
15575,1996,0.00,2,9,
15576,1996,8.0e-04,3,9,
15577,1996,0.00,1,10,
15578,1996,0.00,2,10,
15579,1996,3.0e-04,3,10,
15580,1996,0.05,1,11,
15581,1996,0.06,2,11,
15582,1996,0.07,3,11,
15583,1996,3.59,1,12,
15584,1996,0.78,2,12,
15585,1996,0.41,3,12,
15586,1996,1.65,1,13,
15587,1996,2.79,2,13,
15588,1996,1.13,3,13,
15589,1996,0.85,1,14,
15590,1996,2.90,2,14,
15591,1996,2.21,3,14,
15592,1996,0.77,1,15,
15593,1996,1.47,2,15,
15594,1996,0.73,3,15,
15595,1996,0.00,1,16,
15596,1996,0.00,2,16,
15597,1996,0.00,3,16,
15598,1996,1.76,1,17,
15599,1996,0.33,2,17,
15600,1996,0.82,3,17,
15601,1996,0.00,1,18,
15602,1996,0.00,2,18,
15603,1996,0.02,3,18,
15604,1996,0.00,1,19,
15605,1996,0.00,2,19,
15606,1996,0.00,3,19,
15607,1996,0.00,1,20,
15608,1996,0.00,2,20,
15609,1996,0.00,3,20,
15610,1996,0.00,1,21,
15611,1996,0.19,2,21,
15612,1996,0.73,3,21,
15613,1996,0.00,1,22,
15614,1996,0.00,2,22,
15615,1996,1.9e-03,3,22,
15616,1996,0.00,1,23,
15617,1996,0.00,2,23,
15618,1996,0.47,3,23,
15619,1996,0.00,1,24,
15620,1996,0.00,2,24,
15621,1996,0.64,3,24,
15622,1996,0.00,1,25,
15623,1996,0.00,2,25,
15624,1996,2.70,3,25,
15625,1996,0.00,1,26,
15626,1996,0.00,2,26,
15627,1996,0.00,3,26,
15628,1996,0.00,1,27,
15629,1996,0.00,2,27,
15630,1996,0.03,3,27,
15631,1996,0.00,1,28,
15632,1996,0.00,2,28,
15633,1996,0.00,3,28,
15634,1996,0.00,1,29,
15635,1996,0.00,2,29,
15636,1996,0.00,3,29,
15637,1996,4.16,1,30,
15638,1996,4.84,2,30,
15639,1996,5.05,3,30,
15640,1996,0.39,1,31,
15641,1996,1.04,2,31,
15642,1996,0.19,3,31,
15643,1996,0.00,1,32,
15644,1996,1.43,2,32,
15645,1996,3.31,3,32,
15646,1996,0.00,1,33,
15647,1996,1.49,2,33,
15648,1996,0.69,3,33,
15649,1996,0.00,1,34,
15650,1996,2.82,2,34,
15651,1996,1.95,3,34,
15652,1996,2.11,1,35,
15653,1996,0.99,2,35,
15654,1996,0.68,3,35,
15655,1996,0.96,1,36,
15656,1996,1219.50,2,36,
15657,1996,2.05,3,36,
15658,1996,0.21,1,37,
15659,1996,0.00,2,37,
15660,1996,0.39,3,37,
15661,1996,0.49,1,38,
15662,1996,0.00,2,38,
15663,1996,1.20,3,38,
15664,1996,6.55,1,39,
15665,1996,0.00,2,39,
15666,1996,1.03,3,39,
15667,1996,2.48,1,40,
15668,1996,0.00,2,40,
15669,1996,0.84,3,40,
15670,1996,29.92,1,41,
15671,1996,3.23,2,41,
15672,1996,11.41,3,41,
15673,1996,4.38,1,42,
15674,1996,486.85,2,42,
15675,1996,0.00,3,42,
15676,1996,0.00,1,43,
15677,1996,0.00,2,43,
15678,1996,0.00,3,43,
15679,1996,22.14,1,44,
15680,1996,0.00,2,44,
15681,1996,1.76,3,44,
15682,1996,3.41,1,45,
15683,1996,0.00,2,45,
15684,1996,0.00,3,45,
15685,1996,0.00,1,46,
15686,1996,0.00,2,46,
15687,1996,0.00,3,46,
15688,1996,4.77,1,47,
15689,1996,0.00,2,47,
15690,1996,0.00,3,47,
15691,1996,0.00,1,48,
15692,1996,0.00,2,48,
15693,1996,3.31,3,48,
15694,1996,0.00,1,49,
15695,1996,0.00,2,49,
15696,1996,0.00,3,49,
15697,1996,0.00,1,50,
15698,1996,0.00,2,50,
15699,1996,0.00,3,50,
15700,1996,0.00,1,51,
15701,1996,0.00,2,51,
15702,1996,0.00,3,51,
15703,1996,10.27,1,52,
15704,1996,0.00,2,52,
15705,1996,1.92,3,52,
15706,1996,6.20,1,53,
15707,1996,586.30,2,53,
15708,1996,0.31,3,53,
15709,1996,1.69,1,54,
15710,1996,191.23,2,54,
15711,1996,0.02,3,54,
15712,1996,0.00,1,55,
15713,1996,0.00,2,55,
15714,1996,0.00,3,55,
15715,1996,3.80,1,56,
15716,1996,74.84,2,56,
15717,1996,3.02,3,56,
15718,1996,5.60,1,57,
15719,1996,2.51,2,57,
15720,1996,3.10,3,57,
15721,1996,1.59,1,58,
15722,1996,0.00,2,58,
15723,1996,29.38,3,58,
15724,1996,4.21,1,59,
15725,1996,0.00,2,59,
15726,1996,51.45,3,59,
15727,1996,0.00,1,60,
15728,1996,0.00,2,60,
15729,1996,0.00,3,60,
15730,1996,1.88,1,61,
15731,1996,0.00,2,61,
15732,1996,7.71,3,61,
15733,1996,0.00,1,62,
15734,1996,0.00,2,62,
15735,1996,0.00,3,62,
15736,1996,152.89,1,63,
15737,1996,0.00,2,63,
15738,1996,0.83,3,63,
15739,1996,1.22,1,64,
15740,1996,93.86,2,64,
15741,1996,1.08,3,64,
15742,1996,0.00,1,65,
15743,1996,0.00,2,65,
15744,1996,0.00,3,65,
15745,1996,0.00,1,66,
15746,1996,0.00,2,66,
15747,1996,0.00,3,66,
15748,1996,5.17,1,67,
15749,1996,0.75,2,67,
15750,1996,2.92,3,67,
15751,1996,0.00,1,68,
15752,1996,0.00,2,68,
15753,1996,0.00,3,68,
15754,1996,1.03,1,69,
15755,1996,0.00,2,69,
15756,1996,1.68,3,69,
15757,1996,0.00,1,70,
15758,1996,0.00,2,70,
15759,1996,0.00,3,70,
15760,1996,0.47,1,71,
15761,1996,0.00,2,71,
15762,1996,0.05,3,71,
15763,1996,0.00,1,72,
15764,1996,0.00,2,72,
15765,1996,0.00,3,72,
15766,1996,0.00,1,73,
15767,1996,0.00,2,73,
15768,1996,0.00,3,73,
15769,1997,0.85,1,1,
15770,1997,1.02,2,1,
15771,1997,2.77,3,1,
15772,1997,0.00,1,2,
15773,1997,1.29,2,2,
15774,1997,0.72,3,2,
15775,1997,0.00,1,3,
15776,1997,1.19,2,3,
15777,1997,0.71,3,3,
15778,1997,0.00,1,4,
15779,1997,15.61,2,4,
15780,1997,13.39,3,4,
15781,1997,0.17,1,5,
15782,1997,0.91,2,5,
15783,1997,0.01,3,5,
15784,1997,0.08,1,6,
15785,1997,21.49,2,6,
15786,1997,4.66,3,6,
15787,1997,0.00,1,7,
15788,1997,0.00,2,7,
15789,1997,2.42,3,7,
15790,1997,0.32,1,8,
15791,1997,0.56,2,8,
15792,1997,0.49,3,8,
15793,1997,0.00,1,9,
15794,1997,0.00,2,9,
15795,1997,5.32,3,9,
15796,1997,0.00,1,10,
15797,1997,1.2e-03,2,10,
15798,1997,3.10,3,10,
15799,1997,0.51,1,11,
15800,1997,0.56,2,11,
15801,1997,0.50,3,11,
15802,1997,0.46,1,12,
15803,1997,92.11,2,12,
15804,1997,50.47,3,12,
15805,1997,1.29,1,13,
15806,1997,1.95,2,13,
15807,1997,0.49,3,13,
15808,1997,0.61,1,14,
15809,1997,0.59,2,14,
15810,1997,1.66,3,14,
15811,1997,0.84,1,15,
15812,1997,1.35,2,15,
15813,1997,0.52,3,15,
15814,1997,0.00,1,16,
15815,1997,1.13,2,16,
15816,1997,0.00,3,16,
15817,1997,0.32,1,17,
15818,1997,0.71,2,17,
15819,1997,0.42,3,17,
15820,1997,0.00,1,18,
15821,1997,0.00,2,18,
15822,1997,0.20,3,18,
15823,1997,0.00,1,19,
15824,1997,0.00,2,19,
15825,1997,0.00,3,19,
15826,1997,0.00,1,20,
15827,1997,0.06,2,20,
15828,1997,0.00,3,20,
15829,1997,0.00,1,21,
15830,1997,0.09,2,21,
15831,1997,2.73,3,21,
15832,1997,0.00,1,22,
15833,1997,0.00,2,22,
15834,1997,0.46,3,22,
15835,1997,0.00,1,23,
15836,1997,0.00,2,23,
15837,1997,0.90,3,23,
15838,1997,0.00,1,24,
15839,1997,0.00,2,24,
15840,1997,0.71,3,24,
15841,1997,0.00,1,25,
15842,1997,0.00,2,25,
15843,1997,1.31,3,25,
15844,1997,0.00,1,26,
15845,1997,7.6e-03,2,26,
15846,1997,0.00,3,26,
15847,1997,0.00,1,27,
15848,1997,0.00,2,27,
15849,1997,0.18,3,27,
15850,1997,0.00,1,28,
15851,1997,0.00,2,28,
15852,1997,0.00,3,28,
15853,1997,0.00,1,29,
15854,1997,0.00,2,29,
15855,1997,0.00,3,29,
15856,1997,2.25,1,30,
15857,1997,4.74,2,30,
15858,1997,3.60,3,30,
15859,1997,0.71,1,31,
15860,1997,0.39,2,31,
15861,1997,0.18,3,31,
15862,1997,0.00,1,32,
15863,1997,0.94,2,32,
15864,1997,0.47,3,32,
15865,1997,0.00,1,33,
15866,1997,0.45,2,33,
15867,1997,0.38,3,33,
15868,1997,0.00,1,34,
15869,1997,2.73,2,34,
15870,1997,1.54,3,34,
15871,1997,0.79,1,35,
15872,1997,1.06,2,35,
15873,1997,0.88,3,35,
15874,1997,1.19,1,36,
15875,1997,653.14,2,36,
15876,1997,0.82,3,36,
15877,1997,0.00,1,37,
15878,1997,0.00,2,37,
15879,1997,0.32,3,37,
15880,1997,0.00,1,38,
15881,1997,0.00,2,38,
15882,1997,4.89,3,38,
15883,1997,2.41,1,39,
15884,1997,0.00,2,39,
15885,1997,1.01,3,39,
15886,1997,0.98,1,40,
15887,1997,0.00,2,40,
15888,1997,0.60,3,40,
15889,1997,40.42,1,41,
15890,1997,0.00,2,41,
15891,1997,0.08,3,41,
15892,1997,2.73,1,42,
15893,1997,4339.06,2,42,
15894,1997,0.00,3,42,
15895,1997,0.00,1,43,
15896,1997,0.00,2,43,
15897,1997,0.00,3,43,
15898,1997,10.09,1,44,
15899,1997,0.00,2,44,
15900,1997,0.88,3,44,
15901,1997,3.03,1,45,
15902,1997,0.00,2,45,
15903,1997,0.00,3,45,
15904,1997,0.00,1,46,
15905,1997,0.00,2,46,
15906,1997,0.27,3,46,
15907,1997,0.00,1,47,
15908,1997,0.00,2,47,
15909,1997,2.26,3,47,
15910,1997,0.00,1,48,
15911,1997,0.00,2,48,
15912,1997,5.34,3,48,
15913,1997,0.00,1,49,
15914,1997,0.00,2,49,
15915,1997,0.00,3,49,
15916,1997,0.00,1,50,
15917,1997,0.00,2,50,
15918,1997,2.26,3,50,
15919,1997,0.16,1,51,
15920,1997,0.00,2,51,
15921,1997,0.00,3,51,
15922,1997,3.14,1,52,
15923,1997,0.00,2,52,
15924,1997,1.67,3,52,
15925,1997,9.34,1,53,
15926,1997,282.82,2,53,
15927,1997,0.12,3,53,
15928,1997,1.04,1,54,
15929,1997,783.76,2,54,
15930,1997,0.00,3,54,
15931,1997,0.00,1,55,
15932,1997,0.00,2,55,
15933,1997,0.00,3,55,
15934,1997,4.31,1,56,
15935,1997,131.62,2,56,
15936,1997,2.58,3,56,
15937,1997,5.63,1,57,
15938,1997,1.87,2,57,
15939,1997,2.19,3,57,
15940,1997,6.27,1,58,
15941,1997,0.00,2,58,
15942,1997,11.26,3,58,
15943,1997,0.79,1,59,
15944,1997,0.00,2,59,
15945,1997,9.60,3,59,
15946,1997,0.00,1,60,
15947,1997,0.00,2,60,
15948,1997,0.00,3,60,
15949,1997,0.00,1,61,
15950,1997,0.00,2,61,
15951,1997,0.96,3,61,
15952,1997,0.00,1,62,
15953,1997,0.00,2,62,
15954,1997,0.00,3,62,
15955,1997,79.72,1,63,
15956,1997,0.00,2,63,
15957,1997,0.72,3,63,
15958,1997,2.09,1,64,
15959,1997,202.08,2,64,
15960,1997,0.21,3,64,
15961,1997,0.00,1,65,
15962,1997,0.00,2,65,
15963,1997,0.00,3,65,
15964,1997,0.00,1,66,
15965,1997,0.00,2,66,
15966,1997,0.01,3,66,
15967,1997,4.07,1,67,
15968,1997,0.15,2,67,
15969,1997,1.92,3,67,
15970,1997,0.00,1,68,
15971,1997,0.00,2,68,
15972,1997,0.00,3,68,
15973,1997,0.44,1,69,
15974,1997,0.00,2,69,
15975,1997,0.26,3,69,
15976,1997,0.00,1,70,
15977,1997,0.00,2,70,
15978,1997,0.00,3,70,
15979,1997,0.28,1,71,
15980,1997,0.00,2,71,
15981,1997,0.08,3,71,
15982,1997,0.00,1,72,
15983,1997,0.00,2,72,
15984,1997,0.00,3,72,
15985,1997,0.00,1,73,
15986,1997,0.00,2,73,
15987,1997,0.00,3,73,
15988,1998,0.94,1,1,
15989,1998,0.59,2,1,
15990,1998,2.38,3,1,
15991,1998,0.00,1,2,
15992,1998,0.48,2,2,
15993,1998,1.05,3,2,
15994,1998,0.00,1,3,
15995,1998,0.97,2,3,
15996,1998,0.98,3,3,
15997,1998,0.00,1,4,
15998,1998,43.44,2,4,
15999,1998,7.47,3,4,
16000,1998,4.01,1,5,
16001,1998,0.00,2,5,
16002,1998,0.02,3,5,
16003,1998,5.4e-03,1,6,
16004,1998,0.16,2,6,
16005,1998,2.06,3,6,
16006,1998,0.00,1,7,
16007,1998,0.00,2,7,
16008,1998,1.70,3,7,
16009,1998,0.39,1,8,
16010,1998,0.68,2,8,
16011,1998,0.47,3,8,
16012,1998,0.00,1,9,
16013,1998,0.00,2,9,
16014,1998,8.25,3,9,
16015,1998,0.15,1,10,
16016,1998,0.15,2,10,
16017,1998,0.01,3,10,
16018,1998,0.67,1,11,
16019,1998,0.41,2,11,
16020,1998,0.57,3,11,
16021,1998,79.92,1,12,
16022,1998,91.05,2,12,
16023,1998,45.68,3,12,
16024,1998,0.53,1,13,
16025,1998,0.21,2,13,
16026,1998,0.15,3,13,
16027,1998,0.80,1,14,
16028,1998,0.12,2,14,
16029,1998,0.48,3,14,
16030,1998,0.36,1,15,
16031,1998,0.59,2,15,
16032,1998,0.31,3,15,
16033,1998,0.00,1,16,
16034,1998,0.95,2,16,
16035,1998,0.00,3,16,
16036,1998,0.07,1,17,
16037,1998,0.97,2,17,
16038,1998,0.51,3,17,
16039,1998,0.00,1,18,
16040,1998,0.00,2,18,
16041,1998,0.06,3,18,
16042,1998,0.00,1,19,
16043,1998,0.00,2,19,
16044,1998,0.00,3,19,
16045,1998,0.00,1,20,
16046,1998,0.01,2,20,
16047,1998,0.00,3,20,
16048,1998,0.00,1,21,
16049,1998,0.53,2,21,
16050,1998,0.38,3,21,
16051,1998,0.00,1,22,
16052,1998,0.00,2,22,
16053,1998,0.28,3,22,
16054,1998,0.00,1,23,
16055,1998,0.00,2,23,
16056,1998,0.09,3,23,
16057,1998,0.00,1,24,
16058,1998,0.00,2,24,
16059,1998,0.43,3,24,
16060,1998,0.00,1,25,
16061,1998,0.00,2,25,
16062,1998,1.09,3,25,
16063,1998,0.00,1,26,
16064,1998,0.00,2,26,
16065,1998,0.00,3,26,
16066,1998,0.00,1,27,
16067,1998,0.00,2,27,
16068,1998,0.12,3,27,
16069,1998,0.00,1,28,
16070,1998,0.00,2,28,
16071,1998,0.00,3,28,
16072,1998,0.00,1,29,
16073,1998,0.00,2,29,
16074,1998,0.00,3,29,
16075,1998,1.82,1,30,
16076,1998,7.80,2,30,
16077,1998,1.76,3,30,
16078,1998,0.35,1,31,
16079,1998,0.46,2,31,
16080,1998,0.15,3,31,
16081,1998,0.00,1,32,
16082,1998,0.04,2,32,
16083,1998,0.82,3,32,
16084,1998,0.00,1,33,
16085,1998,0.28,2,33,
16086,1998,0.14,3,33,
16087,1998,0.00,1,34,
16088,1998,1.73,2,34,
16089,1998,1.17,3,34,
16090,1998,0.44,1,35,
16091,1998,0.85,2,35,
16092,1998,0.77,3,35,
16093,1998,1.23,1,36,
16094,1998,0.00,2,36,
16095,1998,0.18,3,36,
16096,1998,0.00,1,37,
16097,1998,0.00,2,37,
16098,1998,1.48,3,37,
16099,1998,0.00,1,38,
16100,1998,0.00,2,38,
16101,1998,1.20,3,38,
16102,1998,0.60,1,39,
16103,1998,0.00,2,39,
16104,1998,1.11,3,39,
16105,1998,0.61,1,40,
16106,1998,0.00,2,40,
16107,1998,0.55,3,40,
16108,1998,2.83,1,41,
16109,1998,0.24,2,41,
16110,1998,1.25,3,41,
16111,1998,1.35,1,42,
16112,1998,0.00,2,42,
16113,1998,0.00,3,42,
16114,1998,0.00,1,43,
16115,1998,0.00,2,43,
16116,1998,0.00,3,43,
16117,1998,21.73,1,44,
16118,1998,0.00,2,44,
16119,1998,1.02,3,44,
16120,1998,1.87,1,45,
16121,1998,0.00,2,45,
16122,1998,0.00,3,45,
16123,1998,0.00,1,46,
16124,1998,0.00,2,46,
16125,1998,0.00,3,46,
16126,1998,0.00,1,47,
16127,1998,0.00,2,47,
16128,1998,0.00,3,47,
16129,1998,0.00,1,48,
16130,1998,0.00,2,48,
16131,1998,0.00,3,48,
16132,1998,0.00,1,49,
16133,1998,0.00,2,49,
16134,1998,0.00,3,49,
16135,1998,0.00,1,50,
16136,1998,0.00,2,50,
16137,1998,3.07,3,50,
16138,1998,0.00,1,51,
16139,1998,0.00,2,51,
16140,1998,0.00,3,51,
16141,1998,0.16,1,52,
16142,1998,0.00,2,52,
16143,1998,2.38,3,52,
16144,1998,4.18,1,53,
16145,1998,0.18,2,53,
16146,1998,0.13,3,53,
16147,1998,0.85,1,54,
16148,1998,0.00,2,54,
16149,1998,0.00,3,54,
16150,1998,0.00,1,55,
16151,1998,0.00,2,55,
16152,1998,0.00,3,55,
16153,1998,3.21,1,56,
16154,1998,0.00,2,56,
16155,1998,0.20,3,56,
16156,1998,4.30,1,57,
16157,1998,1.70,2,57,
16158,1998,1.75,3,57,
16159,1998,6.04,1,58,
16160,1998,0.00,2,58,
16161,1998,0.00,3,58,
16162,1998,0.02,1,59,
16163,1998,0.00,2,59,
16164,1998,52.97,3,59,
16165,1998,0.00,1,60,
16166,1998,0.00,2,60,
16167,1998,0.00,3,60,
16168,1998,0.27,1,61,
16169,1998,0.00,2,61,
16170,1998,3.62,3,61,
16171,1998,0.00,1,62,
16172,1998,0.00,2,62,
16173,1998,0.00,3,62,
16174,1998,104.81,1,63,
16175,1998,0.00,2,63,
16176,1998,1.07,3,63,
16177,1998,0.58,1,64,
16178,1998,0.00,2,64,
16179,1998,0.58,3,64,
16180,1998,0.00,1,65,
16181,1998,0.00,2,65,
16182,1998,0.01,3,65,
16183,1998,0.00,1,66,
16184,1998,0.00,2,66,
16185,1998,0.06,3,66,
16186,1998,4.31,1,67,
16187,1998,1.55,2,67,
16188,1998,3.60,3,67,
16189,1998,0.00,1,68,
16190,1998,0.00,2,68,
16191,1998,0.00,3,68,
16192,1998,0.05,1,69,
16193,1998,0.00,2,69,
16194,1998,0.40,3,69,
16195,1998,0.00,1,70,
16196,1998,0.00,2,70,
16197,1998,0.00,3,70,
16198,1998,0.00,1,71,
16199,1998,0.00,2,71,
16200,1998,0.19,3,71,
16201,1998,0.00,1,72,
16202,1998,0.00,2,72,
16203,1998,0.00,3,72,
16204,1998,0.00,1,73,
16205,1998,0.00,2,73,
16206,1998,0.00,3,73,
16207,1999,0.83,1,1,
16208,1999,0.67,2,1,
16209,1999,2.02,3,1,
16210,1999,0.00,1,2,
16211,1999,0.90,2,2,
16212,1999,1.43,3,2,
16213,1999,0.00,1,3,
16214,1999,1.44,2,3,
16215,1999,1.05,3,3,
16216,1999,0.00,1,4,
16217,1999,34.29,2,4,
16218,1999,5.63,3,4,
16219,1999,1.38,1,5,
16220,1999,0.01,2,5,
16221,1999,1.8e-03,3,5,
16222,1999,0.10,1,6,
16223,1999,6.05,2,6,
16224,1999,2.51,3,6,
16225,1999,0.00,1,7,
16226,1999,0.00,2,7,
16227,1999,2.79,3,7,
16228,1999,0.69,1,8,
16229,1999,0.93,2,8,
16230,1999,0.87,3,8,
16231,1999,0.00,1,9,
16232,1999,0.00,2,9,
16233,1999,3.67,3,9,
16234,1999,1.06,1,10,
16235,1999,0.00,2,10,
16236,1999,0.01,3,10,
16237,1999,1.03,1,11,
16238,1999,1.01,2,11,
16239,1999,0.79,3,11,
16240,1999,83.06,1,12,
16241,1999,24.48,2,12,
16242,1999,13.72,3,12,
16243,1999,0.91,1,13,
16244,1999,0.57,2,13,
16245,1999,0.54,3,13,
16246,1999,0.37,1,14,
16247,1999,1.67,2,14,
16248,1999,0.79,3,14,
16249,1999,0.46,1,15,
16250,1999,1.15,2,15,
16251,1999,0.41,3,15,
16252,1999,0.00,1,16,
16253,1999,1.54,2,16,
16254,1999,1.22,3,16,
16255,1999,0.19,1,17,
16256,1999,1.35,2,17,
16257,1999,0.79,3,17,
16258,1999,0.00,1,18,
16259,1999,0.00,2,18,
16260,1999,0.31,3,18,
16261,1999,0.00,1,19,
16262,1999,0.00,2,19,
16263,1999,0.00,3,19,
16264,1999,0.00,1,20,
16265,1999,0.59,2,20,
16266,1999,0.61,3,20,
16267,1999,0.00,1,21,
16268,1999,0.89,2,21,
16269,1999,0.04,3,21,
16270,1999,0.00,1,22,
16271,1999,0.00,2,22,
16272,1999,1.00,3,22,
16273,1999,0.00,1,23,
16274,1999,0.00,2,23,
16275,1999,0.05,3,23,
16276,1999,0.00,1,24,
16277,1999,0.00,2,24,
16278,1999,0.29,3,24,
16279,1999,0.00,1,25,
16280,1999,0.00,2,25,
16281,1999,0.10,3,25,
16282,1999,0.00,1,26,
16283,1999,3.8e-03,2,26,
16284,1999,0.00,3,26,
16285,1999,0.00,1,27,
16286,1999,0.00,2,27,
16287,1999,1.03,3,27,
16288,1999,0.00,1,28,
16289,1999,0.00,2,28,
16290,1999,0.00,3,28,
16291,1999,0.00,1,29,
16292,1999,0.00,2,29,
16293,1999,0.00,3,29,
16294,1999,0.73,1,30,
16295,1999,2.32,2,30,
16296,1999,1.45,3,30,
16297,1999,0.63,1,31,
16298,1999,0.70,2,31,
16299,1999,0.28,3,31,
16300,1999,0.00,1,32,
16301,1999,1.8e-03,2,32,
16302,1999,0.78,3,32,
16303,1999,0.00,1,33,
16304,1999,0.23,2,33,
16305,1999,0.38,3,33,
16306,1999,0.00,1,34,
16307,1999,1.87,2,34,
16308,1999,0.87,3,34,
16309,1999,0.21,1,35,
16310,1999,0.28,2,35,
16311,1999,0.57,3,35,
16312,1999,0.36,1,36,
16313,1999,0.00,2,36,
16314,1999,0.34,3,36,
16315,1999,0.00,1,37,
16316,1999,0.00,2,37,
16317,1999,0.21,3,37,
16318,1999,1.18,1,38,
16319,1999,0.00,2,38,
16320,1999,1.1e-03,3,38,
16321,1999,21.14,1,39,
16322,1999,0.00,2,39,
16323,1999,0.89,3,39,
16324,1999,1.26,1,40,
16325,1999,0.00,2,40,
16326,1999,1.18,3,40,
16327,1999,0.63,1,41,
16328,1999,0.10,2,41,
16329,1999,0.90,3,41,
16330,1999,0.00,1,42,
16331,1999,0.00,2,42,
16332,1999,0.00,3,42,
16333,1999,0.00,1,43,
16334,1999,0.00,2,43,
16335,1999,0.00,3,43,
16336,1999,0.66,1,44,
16337,1999,0.00,2,44,
16338,1999,0.64,3,44,
16339,1999,0.67,1,45,
16340,1999,0.00,2,45,
16341,1999,0.00,3,45,
16342,1999,0.00,1,46,
16343,1999,0.00,2,46,
16344,1999,0.00,3,46,
16345,1999,0.00,1,47,
16346,1999,0.00,2,47,
16347,1999,0.70,3,47,
16348,1999,0.00,1,48,
16349,1999,0.00,2,48,
16350,1999,0.74,3,48,
16351,1999,0.00,1,49,
16352,1999,0.00,2,49,
16353,1999,0.03,3,49,
16354,1999,0.00,1,50,
16355,1999,0.00,2,50,
16356,1999,0.52,3,50,
16357,1999,0.00,1,51,
16358,1999,0.00,2,51,
16359,1999,1.0e-04,3,51,
16360,1999,1.11,1,52,
16361,1999,0.00,2,52,
16362,1999,2.24,3,52,
16363,1999,1.89,1,53,
16364,1999,2.51,2,53,
16365,1999,0.29,3,53,
16366,1999,1.29,1,54,
16367,1999,0.00,2,54,
16368,1999,0.00,3,54,
16369,1999,0.00,1,55,
16370,1999,0.00,2,55,
16371,1999,0.00,3,55,
16372,1999,1.65,1,56,
16373,1999,0.00,2,56,
16374,1999,0.25,3,56,
16375,1999,2.33,1,57,
16376,1999,0.83,2,57,
16377,1999,1.90,3,57,
16378,1999,0.98,1,58,
16379,1999,0.00,2,58,
16380,1999,0.00,3,58,
16381,1999,1.26,1,59,
16382,1999,0.00,2,59,
16383,1999,2.45,3,59,
16384,1999,0.00,1,60,
16385,1999,0.00,2,60,
16386,1999,0.00,3,60,
16387,1999,1.30,1,61,
16388,1999,0.00,2,61,
16389,1999,1.06,3,61,
16390,1999,0.00,1,62,
16391,1999,0.00,2,62,
16392,1999,1.61,3,62,
16393,1999,20.86,1,63,
16394,1999,0.00,2,63,
16395,1999,1.65,3,63,
16396,1999,2.30,1,64,
16397,1999,183.67,2,64,
16398,1999,0.56,3,64,
16399,1999,0.00,1,65,
16400,1999,0.00,2,65,
16401,1999,7.7e-03,3,65,
16402,1999,0.00,1,66,
16403,1999,0.00,2,66,
16404,1999,0.25,3,66,
16405,1999,2.61,1,67,
16406,1999,0.97,2,67,
16407,1999,1.41,3,67,
16408,1999,0.00,1,68,
16409,1999,0.00,2,68,
16410,1999,0.00,3,68,
16411,1999,0.38,1,69,
16412,1999,0.00,2,69,
16413,1999,0.46,3,69,
16414,1999,0.00,1,70,
16415,1999,0.00,2,70,
16416,1999,0.00,3,70,
16417,1999,0.00,1,71,
16418,1999,0.00,2,71,
16419,1999,1.72,3,71,
16420,1999,0.00,1,72,
16421,1999,0.00,2,72,
16422,1999,0.00,3,72,
16423,1999,0.00,1,73,
16424,1999,0.00,2,73,
16425,1999,0.00,3,73,
16426,2000,1.78,1,1,
16427,2000,0.99,2,1,
16428,2000,2.10,3,1,
16429,2000,0.00,1,2,
16430,2000,2.23,2,2,
16431,2000,1.82,3,2,
16432,2000,0.00,1,3,
16433,2000,1.38,2,3,
16434,2000,1.72,3,3,
16435,2000,0.00,1,4,
16436,2000,39.95,2,4,
16437,2000,25.85,3,4,
16438,2000,0.85,1,5,
16439,2000,0.86,2,5,
16440,2000,0.01,3,5,
16441,2000,0.00,1,6,
16442,2000,6.36,2,6,
16443,2000,1.83,3,6,
16444,2000,0.00,1,7,
16445,2000,0.00,2,7,
16446,2000,1.01,3,7,
16447,2000,1.68,1,8,
16448,2000,0.89,2,8,
16449,2000,0.76,3,8,
16450,2000,0.00,1,9,
16451,2000,0.00,2,9,
16452,2000,0.88,3,9,
16453,2000,6.75,1,10,
16454,2000,0.20,2,10,
16455,2000,0.09,3,10,
16456,2000,0.26,1,11,
16457,2000,2.51,2,11,
16458,2000,0.54,3,11,
16459,2000,14.92,1,12,
16460,2000,37.12,2,12,
16461,2000,19.94,3,12,
16462,2000,0.64,1,13,
16463,2000,0.69,2,13,
16464,2000,0.71,3,13,
16465,2000,0.73,1,14,
16466,2000,0.23,2,14,
16467,2000,0.94,3,14,
16468,2000,0.55,1,15,
16469,2000,0.82,2,15,
16470,2000,0.53,3,15,
16471,2000,0.00,1,16,
16472,2000,1.85,2,16,
16473,2000,0.00,3,16,
16474,2000,0.08,1,17,
16475,2000,0.64,2,17,
16476,2000,0.19,3,17,
16477,2000,0.00,1,18,
16478,2000,0.00,2,18,
16479,2000,0.26,3,18,
16480,2000,0.00,1,19,
16481,2000,0.00,2,19,
16482,2000,0.00,3,19,
16483,2000,0.00,1,20,
16484,2000,0.11,2,20,
16485,2000,0.48,3,20,
16486,2000,0.00,1,21,
16487,2000,1.61,2,21,
16488,2000,0.49,3,21,
16489,2000,0.00,1,22,
16490,2000,0.00,2,22,
16491,2000,1.21,3,22,
16492,2000,0.00,1,23,
16493,2000,0.00,2,23,
16494,2000,0.76,3,23,
16495,2000,0.00,1,24,
16496,2000,0.00,2,24,
16497,2000,0.65,3,24,
16498,2000,0.00,1,25,
16499,2000,0.00,2,25,
16500,2000,1.16,3,25,
16501,2000,0.00,1,26,
16502,2000,0.09,2,26,
16503,2000,3.22,3,26,
16504,2000,0.00,1,27,
16505,2000,0.00,2,27,
16506,2000,0.78,3,27,
16507,2000,0.00,1,28,
16508,2000,0.00,2,28,
16509,2000,0.00,3,28,
16510,2000,0.00,1,29,
16511,2000,0.00,2,29,
16512,2000,0.00,3,29,
16513,2000,0.26,1,30,
16514,2000,1.10,2,30,
16515,2000,5.29,3,30,
16516,2000,0.65,1,31,
16517,2000,0.23,2,31,
16518,2000,1.57,3,31,
16519,2000,0.00,1,32,
16520,2000,4.2e-03,2,32,
16521,2000,1.08,3,32,
16522,2000,0.00,1,33,
16523,2000,0.28,2,33,
16524,2000,1.28,3,33,
16525,2000,0.00,1,34,
16526,2000,3.28,2,34,
16527,2000,1.18,3,34,
16528,2000,0.90,1,35,
16529,2000,1.15,2,35,
16530,2000,0.56,3,35,
16531,2000,0.37,1,36,
16532,2000,0.00,2,36,
16533,2000,0.57,3,36,
16534,2000,0.00,1,37,
16535,2000,0.00,2,37,
16536,2000,0.03,3,37,
16537,2000,0.00,1,38,
16538,2000,0.00,2,38,
16539,2000,0.18,3,38,
16540,2000,0.00,1,39,
16541,2000,0.00,2,39,
16542,2000,1.35,3,39,
16543,2000,9.16,1,40,
16544,2000,0.00,2,40,
16545,2000,1.20,3,40,
16546,2000,0.15,1,41,
16547,2000,0.03,2,41,
16548,2000,0.00,3,41,
16549,2000,0.38,1,42,
16550,2000,0.00,2,42,
16551,2000,0.00,3,42,
16552,2000,0.00,1,43,
16553,2000,0.00,2,43,
16554,2000,0.00,3,43,
16555,2000,41.77,1,44,
16556,2000,0.00,2,44,
16557,2000,3.54,3,44,
16558,2000,0.54,1,45,
16559,2000,0.00,2,45,
16560,2000,0.00,3,45,
16561,2000,0.00,1,46,
16562,2000,0.00,2,46,
16563,2000,0.00,3,46,
16564,2000,0.47,1,47,
16565,2000,0.00,2,47,
16566,2000,0.00,3,47,
16567,2000,0.00,1,48,
16568,2000,0.00,2,48,
16569,2000,2.81,3,48,
16570,2000,0.00,1,49,
16571,2000,0.00,2,49,
16572,2000,0.00,3,49,
16573,2000,0.00,1,50,
16574,2000,0.00,2,50,
16575,2000,0.37,3,50,
16576,2000,0.00,1,51,
16577,2000,0.00,2,51,
16578,2000,0.00,3,51,
16579,2000,0.41,1,52,
16580,2000,0.00,2,52,
16581,2000,2.11,3,52,
16582,2000,0.93,1,53,
16583,2000,11.63,2,53,
16584,2000,0.25,3,53,
16585,2000,0.76,1,54,
16586,2000,0.00,2,54,
16587,2000,0.00,3,54,
16588,2000,0.00,1,55,
16589,2000,0.00,2,55,
16590,2000,0.00,3,55,
16591,2000,0.53,1,56,
16592,2000,1.15,2,56,
16593,2000,0.91,3,56,
16594,2000,1.01,1,57,
16595,2000,1.25,2,57,
16596,2000,1.80,3,57,
16597,2000,4.04,1,58,
16598,2000,0.00,2,58,
16599,2000,0.00,3,58,
16600,2000,0.98,1,59,
16601,2000,0.00,2,59,
16602,2000,9.39,3,59,
16603,2000,0.00,1,60,
16604,2000,0.00,2,60,
16605,2000,1.33,3,60,
16606,2000,0.00,1,61,
16607,2000,0.00,2,61,
16608,2000,7.24,3,61,
16609,2000,0.00,1,62,
16610,2000,0.00,2,62,
16611,2000,2.07,3,62,
16612,2000,0.00,1,63,
16613,2000,0.00,2,63,
16614,2000,1.42,3,63,
16615,2000,2.12,1,64,
16616,2000,11.64,2,64,
16617,2000,2.46,3,64,
16618,2000,0.00,1,65,
16619,2000,0.00,2,65,
16620,2000,6.9e-03,3,65,
16621,2000,0.00,1,66,
16622,2000,0.00,2,66,
16623,2000,1.05,3,66,
16624,2000,2.03,1,67,
16625,2000,1.40,2,67,
16626,2000,2.35,3,67,
16627,2000,0.00,1,68,
16628,2000,0.00,2,68,
16629,2000,0.00,3,68,
16630,2000,0.00,1,69,
16631,2000,0.00,2,69,
16632,2000,0.85,3,69,
16633,2000,0.00,1,70,
16634,2000,0.00,2,70,
16635,2000,0.00,3,70,
16636,2000,0.00,1,71,
16637,2000,0.00,2,71,
16638,2000,1.78,3,71,
16639,2000,0.00,1,72,
16640,2000,0.00,2,72,
16641,2000,0.00,3,72,
16642,2000,0.00,1,73,
16643,2000,0.00,2,73,
16644,2000,0.00,3,73,
16645,2001,0.94,1,1,
16646,2001,1.20,2,1,
16647,2001,1.69,3,1,
16648,2001,0.00,1,2,
16649,2001,1.83,2,2,
16650,2001,1.60,3,2,
16651,2001,0.00,1,3,
16652,2001,1.13,2,3,
16653,2001,1.52,3,3,
16654,2001,0.00,1,4,
16655,2001,31.30,2,4,
16656,2001,11.74,3,4,
16657,2001,0.12,1,5,
16658,2001,0.04,2,5,
16659,2001,1.0e-04,3,5,
16660,2001,0.00,1,6,
16661,2001,2.76,2,6,
16662,2001,1.46,3,6,
16663,2001,0.00,1,7,
16664,2001,0.00,2,7,
16665,2001,1.49,3,7,
16666,2001,1.09,1,8,
16667,2001,0.81,2,8,
16668,2001,0.95,3,8,
16669,2001,0.00,1,9,
16670,2001,0.08,2,9,
16671,2001,0.94,3,9,
16672,2001,2.96,1,10,
16673,2001,0.50,2,10,
16674,2001,0.78,3,10,
16675,2001,0.20,1,11,
16676,2001,0.51,2,11,
16677,2001,0.23,3,11,
16678,2001,13.28,1,12,
16679,2001,28.74,2,12,
16680,2001,17.37,3,12,
16681,2001,0.41,1,13,
16682,2001,0.50,2,13,
16683,2001,0.57,3,13,
16684,2001,0.70,1,14,
16685,2001,0.97,2,14,
16686,2001,1.21,3,14,
16687,2001,0.82,1,15,
16688,2001,1.01,2,15,
16689,2001,0.61,3,15,
16690,2001,0.00,1,16,
16691,2001,0.73,2,16,
16692,2001,0.38,3,16,
16693,2001,0.49,1,17,
16694,2001,0.94,2,17,
16695,2001,0.82,3,17,
16696,2001,0.00,1,18,
16697,2001,0.00,2,18,
16698,2001,0.42,3,18,
16699,2001,0.00,1,19,
16700,2001,0.00,2,19,
16701,2001,0.00,3,19,
16702,2001,0.00,1,20,
16703,2001,0.76,2,20,
16704,2001,0.70,3,20,
16705,2001,0.00,1,21,
16706,2001,0.77,2,21,
16707,2001,0.17,3,21,
16708,2001,0.00,1,22,
16709,2001,0.00,2,22,
16710,2001,1.10,3,22,
16711,2001,0.00,1,23,
16712,2001,0.00,2,23,
16713,2001,1.19,3,23,
16714,2001,0.00,1,24,
16715,2001,0.00,2,24,
16716,2001,0.53,3,24,
16717,2001,0.00,1,25,
16718,2001,0.00,2,25,
16719,2001,1.01,3,25,
16720,2001,0.00,1,26,
16721,2001,0.35,2,26,
16722,2001,1.08,3,26,
16723,2001,0.00,1,27,
16724,2001,0.00,2,27,
16725,2001,1.04,3,27,
16726,2001,0.00,1,28,
16727,2001,0.00,2,28,
16728,2001,0.00,3,28,
16729,2001,0.00,1,29,
16730,2001,0.00,2,29,
16731,2001,0.00,3,29,
16732,2001,3.77,1,30,
16733,2001,5.24,2,30,
16734,2001,4.18,3,30,
16735,2001,0.41,1,31,
16736,2001,2.58,2,31,
16737,2001,1.15,3,31,
16738,2001,0.00,1,32,
16739,2001,0.20,2,32,
16740,2001,1.12,3,32,
16741,2001,0.00,1,33,
16742,2001,0.52,2,33,
16743,2001,0.38,3,33,
16744,2001,0.00,1,34,
16745,2001,0.71,2,34,
16746,2001,0.55,3,34,
16747,2001,0.38,1,35,
16748,2001,0.25,2,35,
16749,2001,0.27,3,35,
16750,2001,0.57,1,36,
16751,2001,0.00,2,36,
16752,2001,0.80,3,36,
16753,2001,0.00,1,37,
16754,2001,0.00,2,37,
16755,2001,0.14,3,37,
16756,2001,0.00,1,38,
16757,2001,0.00,2,38,
16758,2001,0.24,3,38,
16759,2001,3.25,1,39,
16760,2001,0.00,2,39,
16761,2001,1.10,3,39,
16762,2001,0.90,1,40,
16763,2001,0.00,2,40,
16764,2001,1.12,3,40,
16765,2001,4.05,1,41,
16766,2001,0.00,2,41,
16767,2001,0.00,3,41,
16768,2001,1.11,1,42,
16769,2001,0.00,2,42,
16770,2001,0.27,3,42,
16771,2001,0.00,1,43,
16772,2001,0.00,2,43,
16773,2001,0.00,3,43,
16774,2001,1.13,1,44,
16775,2001,0.00,2,44,
16776,2001,1.47,3,44,
16777,2001,2.06,1,45,
16778,2001,0.00,2,45,
16779,2001,0.00,3,45,
16780,2001,0.00,1,46,
16781,2001,0.00,2,46,
16782,2001,0.07,3,46,
16783,2001,0.00,1,47,
16784,2001,0.00,2,47,
16785,2001,0.66,3,47,
16786,2001,0.00,1,48,
16787,2001,0.00,2,48,
16788,2001,4.57,3,48,
16789,2001,0.00,1,49,
16790,2001,0.00,2,49,
16791,2001,0.00,3,49,
16792,2001,0.00,1,50,
16793,2001,0.00,2,50,
16794,2001,8.77,3,50,
16795,2001,0.00,1,51,
16796,2001,0.00,2,51,
16797,2001,0.00,3,51,
16798,2001,0.44,1,52,
16799,2001,0.00,2,52,
16800,2001,1.68,3,52,
16801,2001,2.20,1,53,
16802,2001,7.31,2,53,
16803,2001,0.20,3,53,
16804,2001,0.36,1,54,
16805,2001,0.00,2,54,
16806,2001,0.00,3,54,
16807,2001,0.00,1,55,
16808,2001,0.00,2,55,
16809,2001,0.00,3,55,
16810,2001,2.36,1,56,
16811,2001,0.54,2,56,
16812,2001,0.77,3,56,
16813,2001,2.89,1,57,
16814,2001,1.36,2,57,
16815,2001,1.99,3,57,
16816,2001,7.25,1,58,
16817,2001,0.00,2,58,
16818,2001,0.00,3,58,
16819,2001,4.33,1,59,
16820,2001,0.00,2,59,
16821,2001,5.26,3,59,
16822,2001,0.00,1,60,
16823,2001,0.00,2,60,
16824,2001,1.54,3,60,
16825,2001,1.55,1,61,
16826,2001,0.00,2,61,
16827,2001,3.12,3,61,
16828,2001,0.00,1,62,
16829,2001,0.00,2,62,
16830,2001,1.51,3,62,
16831,2001,0.53,1,63,
16832,2001,0.00,2,63,
16833,2001,1.24,3,63,
16834,2001,1.20,1,64,
16835,2001,0.00,2,64,
16836,2001,0.39,3,64,
16837,2001,0.00,1,65,
16838,2001,0.00,2,65,
16839,2001,0.00,3,65,
16840,2001,0.00,1,66,
16841,2001,0.00,2,66,
16842,2001,0.67,3,66,
16843,2001,1.15,1,67,
16844,2001,1.19,2,67,
16845,2001,1.42,3,67,
16846,2001,0.00,1,68,
16847,2001,0.00,2,68,
16848,2001,0.00,3,68,
16849,2001,9.59,1,69,
16850,2001,0.00,2,69,
16851,2001,0.08,3,69,
16852,2001,0.00,1,70,
16853,2001,0.00,2,70,
16854,2001,0.00,3,70,
16855,2001,0.00,1,71,
16856,2001,0.00,2,71,
16857,2001,1.27,3,71,
16858,2001,0.00,1,72,
16859,2001,0.00,2,72,
16860,2001,0.00,3,72,
16861,2001,0.00,1,73,
16862,2001,0.00,2,73,
16863,2001,0.00,3,73,
